"id","video_id","kind","job","page","date"
"51073","qOtUC5DljmI","youtube#searchResult","82",,"2022-03-07"
"51074","qiO257wt0no","youtube#searchResult","82",,"2022-03-07"
"51075","DWzmsazvIDY","youtube#searchResult","82",,"2022-03-07"
"51076","WgKXEnwPolw","youtube#searchResult","82",,"2022-03-07"
"51077","vIBc5yVUOqI","youtube#searchResult","82",,"2022-03-07"
"51078","AEG5ncYON14","youtube#searchResult","82",,"2022-03-07"
"51079","w1zl_6wPgrY","youtube#searchResult","82",,"2022-03-07"
"51080","Sguy4kt-Btw","youtube#searchResult","82",,"2022-03-07"
"51081","XaBrmv1-BNU","youtube#searchResult","82",,"2022-03-07"
"51082","TJ5BiqP24HY","youtube#searchResult","82",,"2022-03-07"
"51083","WywQeRmFGTY","youtube#searchResult","82",,"2022-03-07"
"51084","qKCoDdi-_ec","youtube#searchResult","82",,"2022-03-07"
"51085","s2txunrkr8M","youtube#searchResult","82",,"2022-03-07"
"51086","LH6J0_0SY7c","youtube#searchResult","82",,"2022-03-07"
"51127","KBVjKXcatTM","youtube#searchResult","82",,"2022-03-07"
"51128","2BJ7exy9EkA","youtube#searchResult","82",,"2022-03-07"
"51129","M5YDkSeVylU","youtube#searchResult","82",,"2022-03-07"
"51130","cpqlnxXBw-M","youtube#searchResult","82",,"2022-03-07"
"51131","UyoQuQaP5qA","youtube#searchResult","82",,"2022-03-07"
"51132","G8jiiju0d3I","youtube#searchResult","82",,"2022-03-07"
"51136","eNvYuCEZUNg","youtube#searchResult","82",,"2022-03-07"
"51137","ZIrrCZ0T__o","youtube#searchResult","82",,"2022-03-07"
"51138","KrKpTcU9mVg","youtube#searchResult","82",,"2022-03-07"
"51139","NVUTY_5D3DQ","youtube#searchResult","82",,"2022-03-07"
"51140","NbGMwrEmw40","youtube#searchResult","82",,"2022-03-07"
"51141","1IfWDpBrMRk","youtube#searchResult","82",,"2022-03-07"
"51142","Y3aG3DVDAtE","youtube#searchResult","82",,"2022-03-07"
"51143","oDWcj1K3ARc","youtube#searchResult","82",,"2022-03-07"
"51144","ymWUIuBM0B4","youtube#searchResult","82",,"2022-03-07"
"51145","_LHLvxROq3Q","youtube#searchResult","82",,"2022-03-07"
"51146","vfOw5F2ci84","youtube#searchResult","82",,"2022-03-07"
"51147","5BasO1xLVlw","youtube#searchResult","82",,"2022-03-07"
"51148","PJR2DJ0-6hQ","youtube#searchResult","82",,"2022-03-07"
"51149","Z6sAx3k5aNI","youtube#searchResult","82",,"2022-03-07"
"51150","HnPvmOWRLaw","youtube#searchResult","82",,"2022-03-07"
"51151","bRWM_dzPf6E","youtube#searchResult","82",,"2022-03-07"
"51152","Pu7-pl5UVRw","youtube#searchResult","82",,"2022-03-07"
"51153","Jrrn6udSGsM","youtube#searchResult","82",,"2022-03-07"
"51165","7Vo_Z9PfjK0","youtube#searchResult","82",,"2022-03-07"
"51166","yrt5yZror00","youtube#searchResult","82",,"2022-03-07"
"51167","3Xb8eGCAax8","youtube#searchResult","82",,"2022-03-07"
"51168","DYvQqLM7suQ","youtube#searchResult","82",,"2022-03-07"
"51169","rmtCrAb9fGY","youtube#searchResult","82",,"2022-03-07"
"51170","PLS9zRylNvg","youtube#searchResult","82",,"2022-03-07"
"51171","EyhgSs6OYZA","youtube#searchResult","82",,"2022-03-07"
"51172","KUOD9JUvF3E","youtube#searchResult","82",,"2022-03-07"
"51173","VScd4ZAs6ps","youtube#searchResult","82",,"2022-03-07"
"51174","34D6zYOM2cg","youtube#searchResult","82",,"2022-03-07"
"51175","bmUUZFuLQ94","youtube#searchResult","82",,"2022-03-07"
"51176","SC6Mza_UPsc","youtube#searchResult","82",,"2022-03-07"
"51177","0iU6Qn7NvSA","youtube#searchResult","82",,"2022-03-07"
"51178","p5MROvlSO70","youtube#searchResult","82",,"2022-03-07"
"51189","rl_xoozttzs","youtube#searchResult","82",,"2022-03-07"
"51190","nRhVjbdv3t8","youtube#searchResult","82",,"2022-03-07"
"51191","ipFMRABaz6o","youtube#searchResult","82",,"2022-03-07"
"51192","K__5F_f65OU","youtube#searchResult","82",,"2022-03-07"
"51193","Q11l_yC6ao8","youtube#searchResult","82",,"2022-03-07"
"51194","OwZW6BkMBhQ","youtube#searchResult","82",,"2022-03-07"
"51195","tH60Utv2cbU","youtube#searchResult","82",,"2022-03-07"
"51196","4OV2y4ltYo0","youtube#searchResult","82",,"2022-03-07"
"51197","Ho0tkZLdozc","youtube#searchResult","82",,"2022-03-07"
"51198","5g86Bw9NnDo","youtube#searchResult","82",,"2022-03-07"
"51199","7cQ-u3n464Y","youtube#searchResult","82",,"2022-03-07"
"51200","vH-BcBrQoKs","youtube#searchResult","82",,"2022-03-07"
"51201","ZPd0p5OERAM","youtube#searchResult","82",,"2022-03-07"
"51202","pau0ubUWiyo","youtube#searchResult","82",,"2022-03-07"
"51203","oLj2jBbMkxI","youtube#searchResult","82",,"2022-03-07"
"51204","gyXtDsoM15U","youtube#searchResult","82",,"2022-03-07"
"51205","Z-H4rsdsQT4","youtube#searchResult","82",,"2022-03-07"
"51206","SgQFwkI6H1w","youtube#searchResult","82",,"2022-03-07"
"51227","Z5bJlxc2jTs","youtube#searchResult","82",,"2022-03-07"
"51228","Uqj1tbvfA8E","youtube#searchResult","82",,"2022-03-07"
"51229","HFFm4G0i-9s","youtube#searchResult","82",,"2022-03-07"
"51230","-r9yXb8pJBA","youtube#searchResult","82",,"2022-03-07"
"51231","w45NeEpKu4E","youtube#searchResult","82",,"2022-03-07"
"51232","jBjkIVt-IBQ","youtube#searchResult","82",,"2022-03-07"
"51233","YxBCtNDiu_4","youtube#searchResult","82",,"2022-03-07"
"51234","DWozFBdjBS0","youtube#searchResult","82",,"2022-03-07"
"51235","fJje8GEHrsU","youtube#searchResult","82",,"2022-03-07"
"51236","qHA_FzucqW4","youtube#searchResult","82",,"2022-03-07"
"51237","fA6rhD5wIgw","youtube#searchResult","82",,"2022-03-07"
"51238","xCzXeyzIM2I","youtube#searchResult","82",,"2022-03-07"
"51239","Pe0FSt4CjQ4","youtube#searchResult","82",,"2022-03-07"
"51240","7m0TUMYUzPc","youtube#searchResult","82",,"2022-03-07"
"51241","IY6aarC3Cd8","youtube#searchResult","82",,"2022-03-07"
"51242","-EWmPNYvHwg","youtube#searchResult","82",,"2022-03-07"
"51243","w6T8zYgFWcY","youtube#searchResult","82",,"2022-03-07"
"51244","NPl2qbM6wG4","youtube#searchResult","82",,"2022-03-07"
"51245","3XTLj6SCZ9M","youtube#searchResult","82",,"2022-03-07"
"51246","NrEn-lPzSdg","youtube#searchResult","82",,"2022-03-07"
"51247","YYGIPlq1sy8","youtube#searchResult","82",,"2022-03-07"
"51248","jRYGgdvLmoU","youtube#searchResult","82",,"2022-03-07"
"51249","CRQLtxpSR7g","youtube#searchResult","82",,"2022-03-07"
"51250","qhTtmbcP2J8","youtube#searchResult","82",,"2022-03-07"
"51251","72meDykKTtQ","youtube#searchResult","82",,"2022-03-07"
"51252","A8tP8GIh338","youtube#searchResult","82",,"2022-03-07"
"51253","u-LGxVPdy6E","youtube#searchResult","82",,"2022-03-07"
"51254","T21L8Gpau_8","youtube#searchResult","82",,"2022-03-07"
"51255","h9AlQwWbmQ0","youtube#searchResult","82",,"2022-03-07"
"51256","XCtQqxsVa50","youtube#searchResult","82",,"2022-03-07"
"51257","sTi--mLjQ4Q","youtube#searchResult","82",,"2022-03-07"
"51258","XNL0B9-NiNQ","youtube#searchResult","82",,"2022-03-07"
"51259","KrXTTxOSP0E","youtube#searchResult","82",,"2022-03-07"
"51260","0tAG3ZUwdzY","youtube#searchResult","82",,"2022-03-07"
"51261","sZQrcyobCS4","youtube#searchResult","82",,"2022-03-07"
"51262","unTT_2qOvU8","youtube#searchResult","82",,"2022-03-07"
"51263","Z7S7vvJXSmk","youtube#searchResult","82",,"2022-03-07"
"51264","GkQ7pLkIMN4","youtube#searchResult","82",,"2022-03-07"
"51265","gvd0xGasJYQ","youtube#searchResult","82",,"2022-03-07"
"51266","ijOuBrLEsQk","youtube#searchResult","82",,"2022-03-07"
"51267","YyIZo79N9XM","youtube#searchResult","82",,"2022-03-07"
"51268","7m5-2LGFLkU","youtube#searchResult","82",,"2022-03-07"
"51269","GkQWQf5KtrM","youtube#searchResult","82",,"2022-03-07"
"51270","STFvkYV3wSU","youtube#searchResult","82",,"2022-03-07"
"51271","4HA89MSXphE","youtube#searchResult","82",,"2022-03-07"
"51272","qvcoasnU6aY","youtube#searchResult","82",,"2022-03-07"
"51273","uAsf4yIyCag","youtube#searchResult","82",,"2022-03-07"
"51274","kVlvYF32tNo","youtube#searchResult","82",,"2022-03-07"
"51275","k9VHuiAL7Gk","youtube#searchResult","82",,"2022-03-07"
"51276","XEJLKhhtvqU","youtube#searchResult","82",,"2022-03-07"
"51277","YiDj6RGtpjo","youtube#searchResult","82",,"2022-03-07"
"51278","6SDsORjF8MA","youtube#searchResult","82",,"2022-03-07"
"51279","1EdKkZphZJc","youtube#searchResult","82",,"2022-03-07"
"51280","oRCC10qWQ5w","youtube#searchResult","82",,"2022-03-07"
"51281","QBrgJyFbAkE","youtube#searchResult","82",,"2022-03-07"
"51282","fv9Qfl-GdZE","youtube#searchResult","82",,"2022-03-07"
"51283","DDCGXPYTwKg","youtube#searchResult","82",,"2022-03-07"
"51284","vHIOLxdcP1A","youtube#searchResult","82",,"2022-03-07"
"51285","ca5KpJKo2L8","youtube#searchResult","82",,"2022-03-07"
"51286","XD3o1XFR2g4","youtube#searchResult","82",,"2022-03-07"
"51287","RvgXz7RWo3E","youtube#searchResult","82",,"2022-03-07"
"51288","iWXrqf3LVxU","youtube#searchResult","82",,"2022-03-07"
"51289","7lhdtRjewQs","youtube#searchResult","82",,"2022-03-07"
"51290","RTnT_S9jNEU","youtube#searchResult","82",,"2022-03-07"
"51291","M7PBKT4J0tY","youtube#searchResult","82",,"2022-03-07"
"51292","gfQJ07JewR8","youtube#searchResult","82",,"2022-03-07"
"51293","_T-lWjhGpX4","youtube#searchResult","82",,"2022-03-07"
"51294","AUCQbhA7VFU","youtube#searchResult","82",,"2022-03-07"
"51295","eKmOj8yFSzo","youtube#searchResult","82",,"2022-03-07"
"51296","F23EkWtbpIM","youtube#searchResult","82",,"2022-03-07"
"51297","wCY7JyuerAA","youtube#searchResult","82",,"2022-03-07"
"51298","frPtnbRa_Kc","youtube#searchResult","82",,"2022-03-07"
"51299","4CIdtuuUAfU","youtube#searchResult","82",,"2022-03-07"
"51300","GxxpONT-udc","youtube#searchResult","82",,"2022-03-07"
"51301","5GoYDjwCV9o","youtube#searchResult","82",,"2022-03-07"
"51302","pEd5r2FmHEo","youtube#searchResult","82",,"2022-03-07"
"51303","7BoVRkgp1aY","youtube#searchResult","82",,"2022-03-07"
"51304","aQORbxopUgs","youtube#searchResult","82",,"2022-03-07"
"51305","dapibSvXJAI","youtube#searchResult","82",,"2022-03-07"
"51306","3-ebECl476Y","youtube#searchResult","82",,"2022-03-07"
"51307","J1fy1lI25rk","youtube#searchResult","82",,"2022-03-07"
"51308","kNiXKV1dkoI","youtube#searchResult","82",,"2022-03-07"
"51309","UmL6ZkS6yKw","youtube#searchResult","82",,"2022-03-07"
"51310","H0TXC5fx6yc","youtube#searchResult","82",,"2022-03-07"
"51311","t67ownhlUW8","youtube#searchResult","82",,"2022-03-07"
"51312","nQ22tWUpTVA","youtube#searchResult","82",,"2022-03-07"
"51313","fN0D7gLpzDk","youtube#searchResult","82",,"2022-03-07"
"51314","wdDXcCuJIYo","youtube#searchResult","82",,"2022-03-07"
"51315","c-GIregrIz0","youtube#searchResult","82",,"2022-03-07"
"51316","SR1zXyKgLvI","youtube#searchResult","82",,"2022-03-07"
"51317","o4xUF9R9WCo","youtube#searchResult","82",,"2022-03-07"
"51318","_XK1ga-tNKY","youtube#searchResult","82",,"2022-03-07"
"51319","IHQImeGNxQg","youtube#searchResult","82",,"2022-03-07"
"51320","juudklkvMUk","youtube#searchResult","82",,"2022-03-07"
"51321","_TNOQVFHciM","youtube#searchResult","82",,"2022-03-07"
"51322","gVQwPJ52jVY","youtube#searchResult","82",,"2022-03-07"
"51323","LovCFtInld4","youtube#searchResult","82",,"2022-03-07"
"51324","LjJUk9F7gAQ","youtube#searchResult","82",,"2022-03-07"
"51325","ecg4aITZT5k","youtube#searchResult","82",,"2022-03-07"
"51326","UY_jKLmZSBo","youtube#searchResult","82",,"2022-03-07"
"51327","skN_kcHu958","youtube#searchResult","82",,"2022-03-07"
"51328","MbmTIU6nO9A","youtube#searchResult","82",,"2022-03-07"
"51329","uhgW0qS7Q7Q","youtube#searchResult","82",,"2022-03-07"
"51330","EaZvjXxQBGM","youtube#searchResult","82",,"2022-03-07"
"51331","3-pWp-1BWBM","youtube#searchResult","82",,"2022-03-07"
"51332","hT5FZxF58kI","youtube#searchResult","82",,"2022-03-07"
"51333","haG7SN1vHkE","youtube#searchResult","82",,"2022-03-07"
"51334","N6pVFEowqDY","youtube#searchResult","82",,"2022-03-07"
"51335","m-0Da7pGPfg","youtube#searchResult","82",,"2022-03-07"
"51336","uc8jsLvg_p8","youtube#searchResult","82",,"2022-03-07"
"51337","7HQEB4ybvDU","youtube#searchResult","82",,"2022-03-07"
"51338","8ncUm0M1OS8","youtube#searchResult","82",,"2022-03-07"
"51339","sOESZIQz-lA","youtube#searchResult","82",,"2022-03-07"
"51340","T9WN0KBQ49c","youtube#searchResult","82",,"2022-03-07"
"51341","LqsEuR8Rbzw","youtube#searchResult","82",,"2022-03-07"
"51342","15j9jExnFsM","youtube#searchResult","82",,"2022-03-07"
"51343","wksMCq-jwPo","youtube#searchResult","82",,"2022-03-07"
"51344","Fe1KuNzQmcA","youtube#searchResult","82",,"2022-03-07"
"51345","ivbEVXiBXj8","youtube#searchResult","82",,"2022-03-07"
"51346","iMmWm4nB99c","youtube#searchResult","82",,"2022-03-07"
"51347","Lvbj8c0oO0M","youtube#searchResult","82",,"2022-03-07"
"51348","j9CYMm9DH1c","youtube#searchResult","82",,"2022-03-07"
"51349","qHvrNFWWHO4","youtube#searchResult","82",,"2022-03-07"
"51350","XXSy0MKCNhY","youtube#searchResult","82",,"2022-03-07"
"51351","xALKRVr3njM","youtube#searchResult","82",,"2022-03-07"
"51352","PX1fCUoKOZ4","youtube#searchResult","82",,"2022-03-07"
"51353","cVkgt9SmASQ","youtube#searchResult","82",,"2022-03-07"
"51354","rkEVHpBf0ZA","youtube#searchResult","82",,"2022-03-07"
"51355","S37mUD6I0fg","youtube#searchResult","82",,"2022-03-07"
"51356","kB4XqM7KJng","youtube#searchResult","82",,"2022-03-07"
"51357","ceuNvJjhJTw","youtube#searchResult","82",,"2022-03-07"
"51358","gSsoSLRzty0","youtube#searchResult","82",,"2022-03-07"
"51359","CZdYVwp0mg8","youtube#searchResult","82",,"2022-03-07"
"51360","vjcE_z5qNbA","youtube#searchResult","82",,"2022-03-07"
"51361","gyt2VWMdND4","youtube#searchResult","82",,"2022-03-07"
"51362","Qd0Ov-iZuSM","youtube#searchResult","82",,"2022-03-07"
"51363","HRqqSnVCshQ","youtube#searchResult","82",,"2022-03-07"
"51364","sWRphDOvGQI","youtube#searchResult","82",,"2022-03-07"
"51365","TBie1Yz-OW4","youtube#searchResult","82",,"2022-03-07"
"51366","MTw0WdY2f9w","youtube#searchResult","82",,"2022-03-07"
"51367","tmE-qgNP4mk","youtube#searchResult","82",,"2022-03-07"
"51368","4SKXPDXQOtU","youtube#searchResult","82",,"2022-03-07"
"51369","oKDrVfZxyss","youtube#searchResult","82",,"2022-03-07"
"51370","WpS2HcbKRCE","youtube#searchResult","82",,"2022-03-07"
"51371","eVatrmhUxgw","youtube#searchResult","82",,"2022-03-07"
"51372","ABrvm7b4y7s","youtube#searchResult","82",,"2022-03-07"
"51373","akDb9CCvyXw","youtube#searchResult","82",,"2022-03-07"
"51374","x-5pOnc-48s","youtube#searchResult","82",,"2022-03-07"
"51375","ZlBBr4pFj20","youtube#searchResult","82",,"2022-03-07"
"51376","_Xb52I8B7ps","youtube#searchResult","82",,"2022-03-07"
"51377","8p3GdC1n72Q","youtube#searchResult","82",,"2022-03-07"
"51378","I3qoUusfPmQ","youtube#searchResult","82",,"2022-03-07"
"51379","-Auw5dE8dLg","youtube#searchResult","82",,"2022-03-07"
"51380","l0VO37Xec10","youtube#searchResult","82",,"2022-03-07"
"51381","zIPYuVy_LuI","youtube#searchResult","82",,"2022-03-07"
"51382","UIPXn9zsGrY","youtube#searchResult","82",,"2022-03-07"
"51383","jsZEqNIuY6w","youtube#searchResult","82",,"2022-03-07"
"51384","Y45xldthGXo","youtube#searchResult","82",,"2022-03-07"
"51385","qjFY6R7xM9U","youtube#searchResult","82",,"2022-03-07"
"51386","yOTbQUCTvKU","youtube#searchResult","82",,"2022-03-07"
"51387","ybKrqwCViTg","youtube#searchResult","82",,"2022-03-07"
"51388","dqoETxe6QIA","youtube#searchResult","82",,"2022-03-07"
"51389","CvuZRGn66Fw","youtube#searchResult","82",,"2022-03-07"
"51390","gERMGA2q24Y","youtube#searchResult","82",,"2022-03-07"
"51391","klFrCNk2_g8","youtube#searchResult","82",,"2022-03-07"
"51392","hkdDI5Idmq0","youtube#searchResult","82",,"2022-03-07"
"51393","UHI-bYzSOY8","youtube#searchResult","82",,"2022-03-07"
"51394","IvxDAYoAf9M","youtube#searchResult","82",,"2022-03-07"
"51395","3kYMx50UPME","youtube#searchResult","82",,"2022-03-07"
"51396","f0-XNGJrrtc","youtube#searchResult","82",,"2022-03-07"
"51397","XvfG89vGVBw","youtube#searchResult","82",,"2022-03-07"
"51398","SWxn_-kBRp0","youtube#searchResult","82",,"2022-03-07"
"51399","jmkADV8TGz8","youtube#searchResult","82",,"2022-03-07"
"51400","sX7EEuwFZYE","youtube#searchResult","82",,"2022-03-07"
"51401","BOoQ6_UAKhw","youtube#searchResult","82",,"2022-03-07"
"51402","Nr450mvDXXQ","youtube#searchResult","82",,"2022-03-07"
"51403","KuIXKwFKyh0","youtube#searchResult","82",,"2022-03-07"
"51404","pDUY3b3ETRk","youtube#searchResult","82",,"2022-03-07"
"51405","9MlQMG5S-_o","youtube#searchResult","82",,"2022-03-07"
"51420","Ei5nal-m7wo","youtube#searchResult","82",,"2022-03-07"
"51421","A_qODShSh2c","youtube#searchResult","82",,"2022-03-07"
"51422","K8rUTeGGWvk","youtube#searchResult","82",,"2022-03-07"
"51423","ukBZs4MYARk","youtube#searchResult","82",,"2022-03-07"
"51424","8JF8syJ05A4","youtube#searchResult","82",,"2022-03-07"
"51425","6l2otjs28OY","youtube#searchResult","82",,"2022-03-07"
"51426","i52HgpyjXRw","youtube#searchResult","82",,"2022-03-07"
"51427","4L91RQS6vJc","youtube#searchResult","82",,"2022-03-07"
"51428","p9SXDtM0Bx0","youtube#searchResult","82",,"2022-03-07"
"51429","-fG1JuaT37Y","youtube#searchResult","82",,"2022-03-07"
"51430","c4XW77JiU-8","youtube#searchResult","82",,"2022-03-07"
"51431","LPvrufYmKwg","youtube#searchResult","82",,"2022-03-07"
"51432","ZnzmjByVLV0","youtube#searchResult","82",,"2022-03-07"
"51433","31wKuQg9tUo","youtube#searchResult","82",,"2022-03-07"
"51434","s2n1BvEuT50","youtube#searchResult","82",,"2022-03-07"
"51435","V-uJRnH450U","youtube#searchResult","82",,"2022-03-07"
"51436","5pV2D_vjjkw","youtube#searchResult","82",,"2022-03-07"
"51437","J6BZtI6IiSU","youtube#searchResult","82",,"2022-03-07"
"51438","Qby8TVRj7_w","youtube#searchResult","82",,"2022-03-07"
"51439","KBY-x7BfT54","youtube#searchResult","82",,"2022-03-07"
"51440","ULoUf-2hpZg","youtube#searchResult","82",,"2022-03-07"
"51441","xxbC9CNFNG8","youtube#searchResult","82",,"2022-03-07"
"51442","Jr89IdL2vSg","youtube#searchResult","82",,"2022-03-07"
"51443","JMzIkDyZD-M","youtube#searchResult","82",,"2022-03-07"
"51444","l2TkFyXnvl4","youtube#searchResult","82",,"2022-03-07"
"51445","5Z4-ZI9PHuk","youtube#searchResult","82",,"2022-03-07"
"51446","Yv9XJmfmJH8","youtube#searchResult","82",,"2022-03-07"
"51463","QpqOikc-_pI","youtube#searchResult","82",,"2022-03-07"
"51464","esZFq7RmVY0","youtube#searchResult","82",,"2022-03-07"
"51465","QB1dlARR7zQ","youtube#searchResult","82",,"2022-03-07"
"51466","icqmrOgDXhQ","youtube#searchResult","82",,"2022-03-07"
"51467","H6pddu_1WM8","youtube#searchResult","82",,"2022-03-07"
"51468","Y8HL1MqBMZc","youtube#searchResult","82",,"2022-03-07"
"51469","5ISKuQXFCXY","youtube#searchResult","82",,"2022-03-07"
"51470","Fz9tIa6ERbA","youtube#searchResult","82",,"2022-03-07"
"51471","1i4cngWb4uA","youtube#searchResult","82",,"2022-03-07"
"51487","sea2gq-xWQk","youtube#searchResult","82",,"2022-03-07"
"51488","t1Xic_1vc8c","youtube#searchResult","82",,"2022-03-07"
"51489","JwtJZLS-fhc","youtube#searchResult","82",,"2022-03-07"
"51490","8ziA8UqinS0","youtube#searchResult","82",,"2022-03-07"
"51491","d5MaudtIWXQ","youtube#searchResult","82",,"2022-03-07"
"51492","qlnaKGLEwxM","youtube#searchResult","82",,"2022-03-07"
"51493","Fnq5AhaS-VU","youtube#searchResult","82",,"2022-03-07"
"51494","ePOCgrdd8bY","youtube#searchResult","82",,"2022-03-07"
"51495","K0teKdxDprc","youtube#searchResult","82",,"2022-03-07"
"51496","7Hc9P7s4k1w","youtube#searchResult","82",,"2022-03-07"
"51497","OXYO_i1OH_I","youtube#searchResult","82",,"2022-03-07"
"51498","p5UHkExv4jw","youtube#searchResult","82",,"2022-03-07"
"51510","Wf5w5h0_M8o","youtube#searchResult","82",,"2022-03-07"
"51511","3IjRPHyHZQA","youtube#searchResult","82",,"2022-03-07"
"51512","9dKbxM1T3MQ","youtube#searchResult","82",,"2022-03-07"
"51513","MEgGaH255i8","youtube#searchResult","82",,"2022-03-07"
"51514","OHOvj3VpWIY","youtube#searchResult","82",,"2022-03-07"
"51515","bjydUTJJ5vA","youtube#searchResult","82",,"2022-03-07"
"51516","5DluTiEi8_Q","youtube#searchResult","82",,"2022-03-07"
"51517","d0xdrGG-1cc","youtube#searchResult","82",,"2022-03-07"
"51518","iIsU6q-fvDg","youtube#searchResult","82",,"2022-03-07"
"51519","6Vqv3FLQVYA","youtube#searchResult","82",,"2022-03-07"
"51520","ho3ROxeEm8A","youtube#searchResult","82",,"2022-03-07"
"51521","VuxPSJ7Qwo8","youtube#searchResult","82",,"2022-03-07"
"51522","TXnlqyxyHL0","youtube#searchResult","82",,"2022-03-07"
"51523","Y4j_Zc10tAA","youtube#searchResult","82",,"2022-03-07"
"51524","A_nHiuq7a2E","youtube#searchResult","82",,"2022-03-07"
"51525","9t9-4z4iHUw","youtube#searchResult","82",,"2022-03-07"
"51526","95JkUnO8zoo","youtube#searchResult","82",,"2022-03-07"
"51527","dPMOMNaLA3U","youtube#searchResult","82",,"2022-03-07"
"51528","tBPahSi_IZs","youtube#searchResult","82",,"2022-03-07"
"51563","9vro2_kYXEQ","youtube#searchResult","82",,"2022-03-07"
"51564","W-5oL_0tvHY","youtube#searchResult","82",,"2022-03-07"
"51565","b-UxuSfLz_E","youtube#searchResult","82",,"2022-03-07"
"51566","aa9_SOEu7mY","youtube#searchResult","82",,"2022-03-07"
"51567","OFytykZBp80","youtube#searchResult","82",,"2022-03-07"
"51568","D5FIpPtOCNQ","youtube#searchResult","82",,"2022-03-07"
"51569","nMfJDMhYavA","youtube#searchResult","82",,"2022-03-07"
"51570","tCe_BTf9A5w","youtube#searchResult","82",,"2022-03-07"
"51571","ghgtOzAy6vU","youtube#searchResult","82",,"2022-03-07"
"51572","4wwXrbag8K8","youtube#searchResult","82",,"2022-03-07"
"51573","H8xJO-XKlV4","youtube#searchResult","82",,"2022-03-07"
"51574","n7sfqYhSV_U","youtube#searchResult","82",,"2022-03-07"
"51575","GkOPQPHGr_U","youtube#searchResult","82",,"2022-03-07"
"51576","4BoosjjcWHM","youtube#searchResult","82",,"2022-03-07"
"51577","kv-9YAGxpBo","youtube#searchResult","82",,"2022-03-07"
"51578","iRGaMnE1xjo","youtube#searchResult","82",,"2022-03-07"
"51594","WkLBIgZKQkM","youtube#searchResult","82",,"2022-03-07"
"51595","EQZX2uydVHM","youtube#searchResult","82",,"2022-03-07"
"51596","O-aN1aFVOkY","youtube#searchResult","82",,"2022-03-07"
"51597","8GfY3byv3U4","youtube#searchResult","82",,"2022-03-07"
"51598","0HT-nA6ZiUY","youtube#searchResult","82",,"2022-03-07"
"51599","EdA_YAV24HI","youtube#searchResult","82",,"2022-03-07"
"51600","RtXmuQu7VQ4","youtube#searchResult","82",,"2022-03-07"
"51601","h-x2J06ZfIk","youtube#searchResult","82",,"2022-03-07"
"51602","FjtyuxmIQyk","youtube#searchResult","82",,"2022-03-07"
"51603","7AeA5pSnDwg","youtube#searchResult","82",,"2022-03-07"
"51604","HqeX9YpCacE","youtube#searchResult","82",,"2022-03-07"
"51605","8OWXheRzUzA","youtube#searchResult","82",,"2022-03-07"
"51622","xPHCmqO6GTc","youtube#searchResult","82",,"2022-03-07"
"51623","XI9GqUwp6Rs","youtube#searchResult","82",,"2022-03-07"
"51624","6tl_p-e-E4s","youtube#searchResult","82",,"2022-03-07"
"51625","-dK0G8MfKGA","youtube#searchResult","82",,"2022-03-07"
"51626","IIa6E8uVmgE","youtube#searchResult","82",,"2022-03-07"
"51627","5MNm9LmbcQk","youtube#searchResult","82",,"2022-03-07"
"51628","AnyuTLZZ3zE","youtube#searchResult","82",,"2022-03-07"
"51629","hYEYnj44g38","youtube#searchResult","82",,"2022-03-07"
"51630","ZpqO_rdqkcY","youtube#searchResult","82",,"2022-03-07"
"51631","Es4yO-NONNc","youtube#searchResult","82",,"2022-03-07"
"51632","T3_v649M0NE","youtube#searchResult","82",,"2022-03-07"
"51633","oHCLIRoLLYk","youtube#searchResult","82",,"2022-03-07"
"51634","GED_FqOHIDo","youtube#searchResult","82",,"2022-03-07"
"51635","lNIZhp1wN2o","youtube#searchResult","82",,"2022-03-07"
"51636","BuN7AbZBjOI","youtube#searchResult","82",,"2022-03-07"
"51637","Q4IHupnYcJE","youtube#searchResult","82",,"2022-03-07"
"51638","Jhs8bS-22Xo","youtube#searchResult","82",,"2022-03-07"
"51639","43QjEgqE3Fs","youtube#searchResult","82",,"2022-03-07"
"51640","TjXd3BshXAQ","youtube#searchResult","82",,"2022-03-07"
"51655","ckzXMv5Lk88","youtube#searchResult","82",,"2022-03-07"
"51656","2gNCXK6rKCA","youtube#searchResult","82",,"2022-03-07"
"51657","N35lqop-syY","youtube#searchResult","82",,"2022-03-07"
"51658","V1rLtQ1mz7w","youtube#searchResult","82",,"2022-03-07"
"51659","Ice0Q25QjtY","youtube#searchResult","82",,"2022-03-07"
"51660","BWPkjGYX4Zo","youtube#searchResult","82",,"2022-03-07"
"51661","ShhgzLTKC-s","youtube#searchResult","82",,"2022-03-07"
"51662","muIb0WnENqo","youtube#searchResult","82",,"2022-03-07"
"51663","F9_mt1upG1k","youtube#searchResult","82",,"2022-03-07"
"51664","x8TyCHApwsw","youtube#searchResult","82",,"2022-03-07"
"51665","EogN8izYg0g","youtube#searchResult","82",,"2022-03-07"
"51666","7-ApvGlJJHY","youtube#searchResult","82",,"2022-03-07"
"51667","4EZPGnRZaKk","youtube#searchResult","82",,"2022-03-07"
"51668","b9PTybyyJfw","youtube#searchResult","82",,"2022-03-07"
"51669","j8wkzKMeVdg","youtube#searchResult","82",,"2022-03-07"
"51670","Gal6o8eq1Qk","youtube#searchResult","82",,"2022-03-07"
"51671","lkoLOh4HmZE","youtube#searchResult","82",,"2022-03-07"
"51672","8eG-ICU0PYg","youtube#searchResult","82",,"2022-03-07"
"51673","i1egmtxEqPA","youtube#searchResult","82",,"2022-03-07"
"51674","40UK3nBCJcE","youtube#searchResult","82",,"2022-03-07"
"51675","f1RPejH20Ow","youtube#searchResult","82",,"2022-03-07"
"51676","pL3P2TXURwo","youtube#searchResult","82",,"2022-03-07"
"51677","xgUTwEg2PEI","youtube#searchResult","82",,"2022-03-07"
"51678","xDbPwK-tNn8","youtube#searchResult","82",,"2022-03-07"
"51679","0hSiltfn224","youtube#searchResult","82",,"2022-03-07"
"51680","Ztua88cGyLI","youtube#searchResult","82",,"2022-03-07"
"51681","EcsflNmNL14","youtube#searchResult","82",,"2022-03-07"
"51704","GZkE_1Zc9hk","youtube#searchResult","82",,"2022-03-07"
"51705","Lb5-YO15jvQ","youtube#searchResult","82",,"2022-03-07"
"51706","uHoGFjsgz-Y","youtube#searchResult","82",,"2022-03-07"
"51707","uMzlnPKuM1s","youtube#searchResult","82",,"2022-03-07"
"51708","LiVgEFZEwEY","youtube#searchResult","82",,"2022-03-07"
"51709","9JOD2tz4kZs","youtube#searchResult","82",,"2022-03-07"
"51710","_MUWtE7pD9s","youtube#searchResult","82",,"2022-03-07"
"51711","2XCPAOrRYsM","youtube#searchResult","82",,"2022-03-07"
"51712","WTY1PvLHeQQ","youtube#searchResult","82",,"2022-03-07"
"51713","cvk2wnc_0yY","youtube#searchResult","82",,"2022-03-07"
"51714","p40-5zNEh0M","youtube#searchResult","82",,"2022-03-07"
"51736","as-4494ECh8","youtube#searchResult","82",,"2022-03-07"
"51737","LLqFBG1mG4w","youtube#searchResult","82",,"2022-03-07"
"51738","oyuhY8qqb3I","youtube#searchResult","82",,"2022-03-07"
"51739","VGAJ6OOAtQE","youtube#searchResult","82",,"2022-03-07"
"51740","BQYtpv6eUb0","youtube#searchResult","82",,"2022-03-07"
"51741","G-QME0k8gs0","youtube#searchResult","82",,"2022-03-07"
"51742","3tXEgU_d_dg","youtube#searchResult","82",,"2022-03-07"
"51743","JDnL78B3pdE","youtube#searchResult","82",,"2022-03-07"
"51744","9lh-Qud3NuQ","youtube#searchResult","82",,"2022-03-07"
"51745","edLomfSa_YI","youtube#searchResult","82",,"2022-03-07"
"51746","9qzx32Ksy3w","youtube#searchResult","82",,"2022-03-07"
"51747","Ox2LTeMveAk","youtube#searchResult","82",,"2022-03-07"
"51748","dNpMDeMe0pE","youtube#searchResult","82",,"2022-03-07"
