video_id,job,id
-cYrpmvTChQ,0,0
EiDsZ8Pwx5s,0,0
xj_CgQzdtWg,0,0
aYbinqx0PTE,0,0
Wbs5AHBhVKU,0,0
8EGEe3Z09AI,0,0
GdNJFHVl96w,0,0
N5GpslFajJ8,0,0
XsoNs0AyNKo,0,0
6bfdb5SNEiM,0,0
GTTqly2nOfk,0,0
vmHgThdL-Qg,0,0
Q4tIaDdgtmI,0,0
g__XrHClcjg,0,0
KOHjlQbOL10,0,0
4Oaxy_1sBM4,0,0
mjVxvEk6RO0,0,0
pX377FZEuJY,0,0
ob63wlUOBkA,0,0
4t_e-eirxA8,0,0
6mVsOHhdIes,0,0
FSxHy5Z3b3A,0,0
-4Vrp4HDE7o,0,0
6_j60Gq-LK8,0,0
hujKAqTM8GA,0,0
7lAfvtFec0U,0,0
6U_f4F_R8M0,0,0
DXLXZetThbY,0,0
aQKBfoqCp50,0,0
VEX7N9eAXAo,0,0
QqbICz7qHdQ,0,0
LAnlF7OdIS4,0,0
56uI10pKTv4,0,0
0auNM-dJQ3E,0,0
gWxKAn2Elmc,0,0
6UyLR0t8C7k,0,0
LMDVs5hLguA,0,0
2KrzRwsD87Q,0,0
rzIGsiB4CXs,0,0
uRIs_f4V9_A,0,0
jI6vL2RkTpE,0,0
vZii7mlIR-s,0,0
GQWqDCc731o,0,0
OeMpOdHlZZo,0,0
bResSQNPP0g,0,0
YSdyRSdA3To,0,0
K4l9jN-7OZw,0,0
3nheAIbb89A,0,0
qlj9UM1akwg,0,0
IhCMu0ma870,0,0
eJWtUUf6nEU,0,0
PPwV_rhuojs,0,0
EvNTXg2m6cA,0,0
MhsSGG1FC48,0,0
xsqhVKQB8oA,0,0
kiij_vEN3ek,0,0
MJ8BKznHpb0,0,0
yUPixeGv5oE,0,0
qHpUbe-7WOI,0,0
Qb6sAQkadd4,0,0
kqryqOVC97s,0,0
0iU77VbUfso,0,0
Jo-cnLPgjlc,0,0
C7a7il1k_fk,0,0
mgZ3QMpa6TY,0,0
7cu8KvxrLQE,0,0
bSXLs3fpfvY,0,0
jeaia7pU7h4,0,0
Im9YQe1OUf4,0,0
kXqPWDZvmng,0,0
Wmy3vhxCZ14,0,0
ycb9CblXCrU,0,0
TuJRHeEyV7Q,0,0
Fyjjdo1C2BA,0,0
38Mqc41uBrw,0,0
S8nUt2u-oJs,0,0
twldHAk6HGs,0,0
mAC2Yyzivyw,0,0
zw98dc9GEUw,0,0
nv6yv8YTNJ0,0,0
de_4KpJKrxs,0,0
MbHnua4Op-Y,0,0
NIT-1QSAgJs,0,0
p67FEsZ7_sY,0,0
iHWNqxXXFhU,0,0
jyV29EJ_DnM,0,0
YC-q89WFklE,0,0
bfOlvXIGJFI,0,0
7QBI5dGJMSM,0,0
NykdNF7z5cU,0,0
NG-p6oVvYj8,0,0
aHqoK-HMvIA,0,0
hjr3nLRiYCw,0,0
3IfPu4Wv014,0,0
vCwVNiKpPkc,0,0
d0nHSCj7wU8,0,0
rx2kBQAEw7Q,0,0
5yfMNhkohIs,0,0
nSzSMjCZaEA,0,0
HbOUduNVMmI,0,0
vzd6kiCszZs,0,0
JA4lneRbX5s,0,0
Aun-yeYHf_g,0,0
_Fu2NakKljs,0,0
LD8eYiJOetc,0,0
_8B6dDG5i3c,0,0
5lBIaB7pNAA,0,0
wnAmvDdIxo0,0,0
3AzyLk1j6Ek,0,0
NJPuVRhupSA,0,0
Vz-RQJg7Sh0,0,0
9GdLZML8go4,0,0
7owmy1th9VY,0,0
P_WVUAAaLSU,0,0
Rw0lTiIjLKo,0,0
QRz_x98olbE,0,0
HEKATfoE-K8,0,0
kRRN-CHbJsc,0,0
fqzrkY8ROKs,0,0
RngdpPw2lIU,0,0
TqCuX8IY76s,0,0
GNZKZC4q6H0,0,0
Tf8tvPVwzbE,0,0
1b5wkZDSiD0,0,0
1B8zavM04GQ,0,0
7BaXD_KoGso,0,0
uPKzVc4KiFw,0,0
ulvDhyt3Gqs,0,0
zTWKPpg6a1A,0,0
Dkm366pyGwA,0,0
PPJ1GAHfhu8,0,0
oElrbuToLoM,0,0
aCa_kDxRCMo,0,0
jeMYs1da2Aw,0,0
2J9LUYS-McU,0,0
m3AHR9Xca0k,0,0
s_slQm79_uA,0,0
nK_-jo2AEEw,0,0
miK2j-aUDLM,0,0
SY_j-TKDHKQ,0,0
Q8sJs_CvSGI,0,0
nNk9iyRK3n0,0,0
U9d8LCD9U2Q,0,0
vhXnj6DnXH4,0,0
I8w2EU4rdI0,0,0
xkYnum5MRi8,0,0
qWsirVvp3tU,0,0
dvAg5mIu7R4,0,0
ZB2B_XidWtQ,0,0
LH2mcUI2Sgs,0,0
IM7Ke9ng0RM,0,0
HNJylANFTXY,0,0
dmGM8ZucgUI,0,0
NYzRC6tf170,0,0
bM2qpvDkH1A,0,0
TL7b9PV1gHg,0,0
T4A2bH5UNcs,0,0
J81Yj2zB23o,0,0
DV1Zf8BTQD8,0,0
GoFtweG6qKY,0,0
r6hB4aEzUbY,0,0
XPR2ZqdfF-A,0,0
vU35w6xrTS8,0,0
ZPMApkXM0Ro,0,0
xygpOypJdDQ,0,0
MIaVR9Q-Qyk,0,0
TAsA8tG05uM,0,0
dzzG0NSP4Yk,0,0
jvSL_uQQkdU,0,0
FjDXUBqD71g,0,0
vlZu7AvnC48,0,0
wxJsJ7zbeCo,0,0
BTHw3v_dztM,0,0
b5GtEMafvaQ,0,0
