topic0,topic1,topic2,topic3,topic4,topic5,topic6,topic7
die,die,der,die,der,und,ich,die
der,der,die,der,die,der,die,und
und,und,und,und,für,schneider,ladesäule,der
in,ladeinfrastruktur,in,ladesäule,ladeinfrastruktur,electric,der,ladeinfrastruktur
das,für,für,das,und,für,und,in
ladesäule,in,ladeinfrastruktur,ist,von,von,das,das
an,das,mit,nicht,mit,ein,nicht,zu
ist,ist,das,in,in,eine,ist,für
mit,den,den,mit,den,zur,es,es
den,zu,von,ich,sie,gemeinsam,an,nicht
ladeinfrastruktur,mit,ist,es,das,ionity,eine,ist
nicht,es,zu,an,mehr,sorgen,auch,mit
für,nicht,an,eine,ausbau,erreichung,man,auch
es,ein,auf,zu,auf,ist,mit,ladesäule
ich,auch,eine,auch,im,faktor,aber,den
eine,an,im,ein,zu,alltagstaugliche,in,eine
zu,auf,bei,für,ist,entscheidender,wenn,im
auch,von,es,man,über,schnelle,ein,von
ein,wir,ladesäule,ladeinfrastruktur,an,elektromobilität,zu,werden
auf,eine,auch,aber,wir,ladestationen,da,ich
wir,ladesäule,ein,bei,es,emobility,dann,ein
noch,im,ausbau,auf,ihr,werden,noch,an
von,sich,dem,den,bei,kfw,so,auf
im,bei,des,noch,zum,auf,auf,man
aber,wie,wir,wenn,eine,modelle,nur,aber
bei,als,nicht,nur,dem,drei,bei,wir
man,aber,hat,im,auch,stehen,kann,noch
dem,wird,als,von,nicht,parkplatz,keine,sind
wenn,ausbau,wird,sich,bis,ladesäule,mal,wie
wie,noch,sich,dann,des,bereich,dass,wenn
dass,ich,bis,da,ein,im,oder,wird
dann,man,am,dem,ladesäule,sowie,wie,bei
nur,dass,zur,als,förderung,zu,als,nur
so,um,um,so,laden,privaten,für,sich
da,dem,sind,wie,uns,ladeinfrastruktur,auto,so
wird,einen,noch,oder,wird,g4,du,keine
hat,sind,mehr,keine,zur,erwerb,ja,als
sich,hat,einer,wird,als,vom,den,um
sind,zum,ich,einer,werden,wallbox,einer,dass
mal,so,zum,auto,hat,zum,mir,sie
einer,des,wie,sind,unsere,bmvi,was,da
haben,nur,einen,dass,am,evlink,dem,kann
als,mehr,beim,kann,aufbau,veröffentlichten,laden,oder
oder,haben,nur,hat,einer,liste,sich,dem
keine,wenn,aber,mal,nutzen,anreize,schon,muss
was,sie,vor,um,unternehmen,neue,im,mehr
einen,werden,dass,sie,um,mit,ladeinfrastruktur,gibt
sie,oder,man,was,sich,förderfähiger,muss,hat
zum,muss,jetzt,schon,wie,die,habe,dann
du,bis,so,nach,unabhängig,staatlichen,von,was
immer,einer,sie,laden,unter,förderbank,gibt,mal
schon,am,gibt,zur,sind,elektrofahrzeuge,wird,bis
hier,zur,haben,gibt,jetzt,elektrische,nach,ja
mehr,was,wenn,einen,engagiert,energie,am,schon
auto,keine,öffentlichen,ja,aus,vorantreiben,weil,einer
laden,jetzt,nach,mir,zertifiziert,stromnetz,vor,zum
bis,über,über,km,können,installation,hat,vom
um,dann,was,immer,anfang,charging,einen,ohne
kann,beim,werden,bis,aber,voranzutreiben,mehr,weil
am,da,aus,muss,beim,weltweiter,sie,haben
über,alle,dann,mehr,leitstelle,intelligentes,ohne,aus
nach,kann,oder,weil,einen,bietet,kein,wo
aus,gibt,neue,am,haben,zugangsmanagement,wäre,am
beim,durch,da,kein,ab,ev,bin,jetzt
gibt,geht,einem,über,neue,expert,wo,autos
jetzt,nach,deutschland,einem,dass,das,sind,immer
einem,vor,will,wir,noch,gehört,einem,einen
vor,aus,kann,vor,oder,bei,immer,kein
muss,aufbau,muss,beim,ladepunkte,dabei,um,viel
ja,deutschland,soll,hier,energie,alles,mich,damit
mir,hier,hier,tesla,ich,ladeboxen,hier,hier
zur,dazu,schon,wo,vor,umfasst,doch,laden
kein,neue,alle,haben,euro,dynamisch,war,strom
werden,doch,ladesäulen,ohne,eigene,steuert,also,alle
uns,mal,heute,viel,hier,lademanagement,einfach,auto
alle,alles,laden,geht,öffentlich,lastmanagementsystem,ne,ladesäulen
mich,können,durch,aus,so,um,jetzt,viele
stadt,schon,ladepunkte,war,elektroautos,in,er,neue
sehr,ja,elektroautos,alle,durch,des,mein,nach
ladesäulen,immer,keine,wieder,wenn,betriebssicherheit,wieder,diese
ohne,ohne,elektromobilität,jetzt,kompetenz,den,würde,vor
doch,ladesäulen,öffentliche,wer,öffentliche,förderung,tesla,sehr
viel,einem,geht,du,jahre,ausbau,viel,doch
ausbau,soll,nrw,strom,gibt,energiemanagement,sehr,über
diese,öffentliche,mal,autos,sollen,ladestation,hab,geht
also,damit,ohne,einfach,nur,wir,jeder,müssen
weiter,wollen,aufbau,doch,damit,private,alle,tesla
wo,elektroautos,ab,wäre,dazu,jetzt,strom,wäre
des,gut,sollen,ladesäulen,informationen,energiespezialisten,über,einfach
war,uns,können,habe,einem,an,selbst,des
strom,viel,millionen,jeder,millionen,aufbau,zur,durch
einfach,strom,neuen,zum,ihre,hat,haben,einem
steht,will,er,werden,muss,fördert,geht,mir
weil,laden,doch,minuten,was,hier,ob,zur
kommt,braucht,förderhöchstsätze,also,private,euro,fahren,verbrenner
können,heute,vom,durch,will,sucht,meiner,beim
wieder,wo,euro,bin,alle,mehr,aus,km
nächsten,diese,damit,fahren,braucht,sie,gerade,du
ganz,wäre,immer,dort,deutschland,fit,dort,können
autos,einfach,autos,verbrenner,förderungen,am,wir,ab
