,video_id,title,published_at,channel_id,view_count,like_count,comment_count,job,id,valid
0,HvGvrEUrRzQ,"VW ID1 und ID2, Tesla Model2 und ein neuer Morris Tagesthema Elektromobilit√§t Nr.215",2020-12-01T16:00:10Z,UCHuXYLIv70fPKK9c60TwLQw,1690,39.0,8,0,0,comment threshold
1,Gw63pSaupwo,Formel E: Audi schickt Elektromobilit√§t in die W√ºste,2020-12-01T13:52:18Z,UC6hv0QC9E5-bcUxc3rBGOOQ,1187,83.0,21,0,0,comment threshold
2,bFxVyMlyPe0,Peugeot e-2008 | Elektromobilit√§t auch als SUV | Autohaus Weiland,2020-12-01T08:10:07Z,UCOiNxHALgjOvrBSlnrB4FdQ,224,5.0,1,0,0,comment threshold
3,omB8WdaZ9t0,"1 Jahr Tesla Model 3,  Probleme mit den Lades√§ulen und viele Erfahrungen",2020-12-01T22:10:14Z,UCqtBzOjVW0aLVZHaRYu7dpQ,6969,409.0,42,0,0,comment threshold
4,Y4gRg8G27MQ,CLIMATE:Lab #1: Der Klimaschutz und unsere Freiheit(en),2020-12-01T16:33:43Z,UCeH4whDP6cyiWjDPCpMVjuw,1702,44.0,3,0,0,comment threshold
5,OnsYPhV-3dE,2020 Tesla Model 3 Standard Range Plus Fahrbericht | Test,2020-12-01T14:43:35Z,UCdZ9F6bap1b7JQZ1pZiFJ_w,17395,352.0,59,0,0,valid
6,A3pitAeBFfs,GEBRAUCHTE E Autos: 5 STARKE Fakten von Willhaben üí™,2020-12-01T16:30:10Z,UC96MGGyxaZZQ6aFKSVMHIew,2391,132.0,22,0,0,comment threshold
7,WOxYuzOJV58,Umwelts√ºnder E-Auto | Detaillierte Betrachtung der ARTE Doku - Reaktion,2020-12-02T18:30:02Z,UCaCaZ-vKtnMG2_FKmEePChQ,39248,1000.0,264,0,0,valid
8,w29CSnaxpxs,"Die Zukunft der Elektromobilit√§t - Tesla, BYD, Nio & Co. - TrendInvest Branchenanalyse",2020-12-02T17:30:05Z,UCqs_d7U3QdfOv2vRBR0p8qw,832,38.0,12,0,0,comment threshold
9,VEdZ5XfMtMs,Kymco F9 E Bike Motorroller aus Taiwan Tagesthema Elektromobilit√§t Nr.216,2020-12-02T16:05:22Z,UCHuXYLIv70fPKK9c60TwLQw,856,20.0,8,0,0,comment threshold
10,Y9EhB2laECc,Frostige Ladeinfrastruktur in Deutschland - Geht da noch was?,2020-12-02T08:14:45Z,UCaCaZ-vKtnMG2_FKmEePChQ,5038,522.0,182,0,0,valid
11,xx4-4PH1aXg,Der E-Wolf #756 - Renault beendet Batteriemiete in Deutschland,2020-12-02T05:30:02Z,UCUh8zvuZWNoIur4Cv-3fUzw,1282,70.0,26,0,0,comment threshold
12,AaYwFhDusPE,"BYD, NIO & Co. vor dem Absturz!",2020-12-02T17:00:04Z,UCF80pvG-mE_hoW0EI8lr38w,69122,4049.0,469,0,0,Topic
13,_HLJMk8jbWM,2021 Nissan ARIYA Vorstellung | Electric Drive News | Fakten - technische Daten,2020-12-02T20:18:50Z,UCxmohYAjhc2qD5pYIOwQ3bA,12584,241.0,57,0,0,valid
14,oakI1SuwS0o,Die Zukunft der (Elektro) Mobilit√§t | Zukunftsforscher Lars Thomsen | The smarter E Podcast #10,2020-12-03T14:38:11Z,UCXvmG4CnAJLKMv9VTXnePHg,2200,52.0,6,0,0,comment threshold
15,AnYXq1iOpnA,"Synergieeffekte durch Solar und E-Mobilit√§t | Thomic Ruschmeyer, BSM | The smarter E Podcast #29",2020-12-03T14:29:26Z,UCXvmG4CnAJLKMv9VTXnePHg,156,7.0,1,0,0,comment threshold
16,snNvDU5Dg_8,Breaking Elektro-News: Elektro-Start-Up vor der Pleite? Hyundai stellt E-GMP vor! Tesla s√§gt wiederüòÅ,2020-12-03T06:00:18Z,UCsNdsFTTBj5jcRJSWeJ8-Xg,9321,681.0,77,0,0,valid
17,Godf38KMPjA,Warum nur Photovoltaik? Jetzt einen Speicher nachr√ºsten!,2020-12-03T19:30:10Z,UCy82YSU9FxoYhknZ4PFmjrQ,9516,190.0,79,0,0,Can't play
18,pXAMgW3nT4I,Weltneuheit Cube (Luftreinigung) wird in Annaberg-Buchholz pr√§sentiert,2020-12-03T15:56:59Z,UC9fTYmi8A3wNQFD8VwDbU-Q,2978,19.0,4,0,0,comment threshold
19,P8pVM1YUx4w,Kein Fortschritt im Kampf gegen den Klimawandel in 2020 | DW Nachrichten,2020-12-03T12:44:02Z,UCMIgOXM2JEQ2Pv2d0_PVfcg,2317,40.0,29,0,0,comment threshold
20,O0i57FLSBUU,Ingo Speich - Ausblick 2020: Nachhaltiges Investieren,2020-12-03T13:48:25Z,UC62IIFhchBWQxLPSyUatD-A,2687,40.0,4,0,0,comment threshold
21,pzMYehxi-QE,#8 Umwelts√ºnder E-Auto? | Das ist eine gute Frage PODCAST,2020-12-04T14:00:10Z,UCEPZNMjVXBALuPZNKNua5Hg,25563,1578.0,279,0,0,valid
22,WIxng0ardaY,Was beim Verbrenner keiner sagt - Julian r√§umt auf!,2020-12-04T18:33:05Z,UCaCaZ-vKtnMG2_FKmEePChQ,25064,1502.0,488,0,0,valid
23,h_9b6b9oNZA,Elektroauto EXTREM: 1265km Langstrecke am St√ºck!,2020-12-04T10:30:11Z,UCwQmqAG_8YlgakD8Dj0DZ4w,15699,484.0,136,0,0,valid
24,RhFCgy5R2r4,"nextnews: Tesla Model 3 Falle, 4.000 ID4, VWs Zukunft, Elon Musk Atomkraft, E-Auto Rekord, Astongate",2020-12-04T17:00:11Z,UCgmB8S3f8-9dR8alVUZuZxQ,87262,6013.0,746,0,0,valid
25,5LRGifuL58k,Was sind ETCs? √ñl √ºber die B√∂rse kaufen?,2020-12-04T13:00:01Z,UC-muQylmRx61Mt6U1oDSEVA,39647,1450.0,110,0,0,Topic
26,ugsf8v3yc24,E-Auto-Geheimtipp: Opel Corsa-e | UNTERWEGS mit Daniel Hohmeyer,2020-12-04T16:00:31Z,UCutQkZpAs9xG0KaooZlnuTw,57385,1211.0,244,0,0,valid
27,2-wHlgElMFQ,"Mission T bei VW, Elon gewinnt, GetChage ist weg, ID3 Update (NEWS KW48/2020)| deer e-Carsharing",2020-12-04T19:15:19Z,UCHeWtVw_wNCUZkzc5wif2FQ,4779,226.0,64,0,0,valid
28,3ImDNB8tLeA,CO2-Label in der Universit√§tskantine in G√∂teborg (Video 1 von Energie-Reporterin Charlotte Wagner),2020-12-04T20:07:59Z,UCMSRI9ztnQm_KBy7XVfEjgw,563,21.0,4,0,0,comment threshold
29,5s2wjV7kDd4,Keine Ladestation: Warum der Traum vom Elektroauto zerplatzt | Kontrovers | BR24,2020-12-05T18:59:50Z,UCcweJsCV2TUP_kzMX25U-oQ,50030,396.0,433,0,0,valid
30,epGsgdh-8qg,√úbernimmt Tesla einen anderen Autohersteller Tesla News Tagesthema Elektromobilit√§t Nr.219,2020-12-05T16:00:10Z,UCHuXYLIv70fPKK9c60TwLQw,247,30.0,10,0,0,comment threshold
31,1WvF52ns79w,Tesla Model 3 Akku auslesen Degradation check Hardware und App f√ºr 50 Euro,2020-12-05T19:58:12Z,UCXQevkK8k59x0bEWjoHy9cw,1787,47.0,15,0,0,comment threshold
32,mZywTz5WRoU,E-Autos: Zuschuss f√ºr Ladestation daheim | Rundschau | BR24,2020-12-05T16:54:36Z,UCcweJsCV2TUP_kzMX25U-oQ,2032,42.0,21,0,0,comment threshold
33,a2wlXvWGM7Q,Mini Cooper SE 2021 Alltagstest - der rein elektrische Brite mit BMW i3 Technik!,2020-12-05T08:00:01Z,UCaTyFx9Llt5nQRAFjZyowow,5738,116.0,21,0,0,comment threshold
34,34FPFqWrFMs,"Tesla offen f√ºr Fusion, Opel Mokka-e ausverkauft, Get Charge eingestellt, Tesla Fahrzeugdaten",2020-12-05T05:00:01Z,UCBc0Mghy-6jhMXs3T7DluMg,12205,739.0,85,0,0,valid
35,55mw4ihoSeI,E Auto Verkaufszahlen in Europa steigen weiter stark Tagesthema Elektromobilit√§t Nr.220,2020-12-06T16:00:01Z,UCHuXYLIv70fPKK9c60TwLQw,260,31.0,1,0,0,comment threshold
36,-n2wZrDU_dE,Elektroautos: Reichweitenangst oder Reichweitenproblem? | energieinfoASPEKTE,2020-12-06T15:01:58Z,UCT5nXIRHzhRxwCY-_LH1SQA,3008,99.0,68,0,0,valid
37,HDVCDwGAwT8,Wei√üe Tesla Sitze vs Kaffee Und Ketchup,2020-12-06T14:30:06Z,UC3rz4cx41jWj7shRBTetzkw,37460,2060.0,365,0,0,valid
38,aVA3IEAz8zs,Vergleich Mercedes EQV 300 Lang vs. V - Klasse Lang 190 PS - wer gewinnt?,2020-12-06T00:34:28Z,UCH0_5UeOyvhmvbxTJg9Jdww,4261,42.0,37,0,0,comment threshold
39,lJFhOju8JQo,S√ºddeutsche mit Rechenfehler | E-mobiler Adventskalender 2. Advent,2020-12-06T19:31:29Z,UCaCaZ-vKtnMG2_FKmEePChQ,3975,282.0,37,0,0,comment threshold
40,xDTMnUPBZpA,"E-Chopper Teil 10: Soft Mods(Wichtige Info in Beschreibung, bitte lesen 12.12.20)",2020-12-06T07:03:26Z,UC2fOFTFCrFX3j6Az-gibI6g,16899,260.0,86,0,0,valid
41,hoxIJdVDujw,"Elektromobilit√§t HV-Batterie Antriebsbatterie / Hochvoltbatterie Zellen, Zellmodule tauschen.",2020-12-07T18:33:20Z,UCGCR-ZcClArBAt1zZ3e5duQ,7871,298.0,47,0,0,comment threshold
42,fTYCBWKWs3s,Hintergrund: Technologie-Offenheit mit Prof. Dr. Doppelbauer vom KIT,2020-12-07T11:14:06Z,UC3VIJuG4taRjm_wMm01D0zg,4611,195.0,28,0,0,comment threshold
43,I1va5i30L_A,Renault ZOE: Laden bidirektional und News zur ZOE-Batterie | ADAC SE,2020-12-07T08:00:22Z,UCJTQxEGVqCFsBuHUyxgaVqQ,27798,73.0,28,0,0,comment threshold
44,Cm8S6b9Udlg,Peugeot e-2008 | der Elektro-SUV im INSTADRIVER TEST,2020-12-07T16:00:40Z,UCDDj2GWklzZ09X7R9OtsX3Q,11227,275.0,27,0,0,comment threshold
45,exvkCkOSFPI,"Wie einfach "" kostenfreies Laden "" gehen kann und was Ihr daf√ºr tun m√ºsst ... ?!",2020-12-07T08:30:02Z,UCuPH6ouleIo8IhmZy65m4pA,3549,63.0,32,0,0,comment threshold
46,_nBc43qG-6A,2021 Toyota RAV-E auf e-TNGA Plattform? Neue Elektrofahrzeuge von Toyota 2021! Electric Drive,2020-12-07T13:06:33Z,UCxmohYAjhc2qD5pYIOwQ3bA,2156,51.0,7,0,0,comment threshold
47,rWmKflfp3Fo,Energiewende: Solarstrom selbst produzieren - Home Sweet Home | Welt der Wunder,2020-12-07T17:00:18Z,UCBk6ZmyoyX1kLl-w17B0V1A,3185,87.0,2,0,0,comment threshold
48,fpZWa-EGOi0,"10 Jahre Technologieprogramm ""IKT f√ºr Elektromobilit√§t""",2020-12-08T07:29:21Z,UC_vO01sSD25a73DhoaxtZTw,1081,39.0,3,0,0,comment threshold
49,4Ngaq9Yl54g,Lademeile.de - Alles f√ºr deine Elektromobilit√§t  - Ich fahre elektrisch,2020-12-08T09:00:01Z,UCOrDuaURMo4fB04HMECG0cA,473,23.0,5,0,0,comment threshold
50,YNJ_H07M0hQ,CHINA-ELEKTROAUTO XPENG  ein neuer Automobilhersteller Tagesthema Elektromobilit√§t Nr.221,2020-12-08T16:00:08Z,UCHuXYLIv70fPKK9c60TwLQw,495,20.0,4,0,0,comment threshold
51,NqYH6QVfoH0,Deutschland gibt VOLLSTROM bei Elektroautos! Jetzt gehts erst richtig los.,2020-12-08T17:00:13Z,UCgmB8S3f8-9dR8alVUZuZxQ,49128,2783.0,399,0,0,valid
52,reJi-ODCFuM,Mehr als 500.000 verkaufte eFahrzeuge - im Jahr 2020 | e-mobility NEWS,2020-12-08T11:18:09Z,UCUYT5ThWuRNWAbV0nul7EGQ,1534,29.0,13,0,0,comment threshold
53,nbUZgfqfwjs,Selbstversuch: Zwei Wochen mit dem E-Auto (Peugeot e-2008 und der Kia e-Niro),2020-12-08T07:07:39Z,UC3s4D9qBM3KEVHSn_t5PI8w,10364,119.0,30,0,0,comment threshold
54,3wLSX86XszA,√ñko-Bilanzen von Elektroautos - Fehler in Berechnungen - Mit Autoexperte Stefan Schwunk,2020-12-08T19:10:01Z,UCaCaZ-vKtnMG2_FKmEePChQ,4466,286.0,67,0,0,valid
55,MVG9S4UG64w,Mit dem Elektro-LKW im Einsatz: Warum Berufsfahrerin Karin nie mehr Diesel fahren will,2020-12-08T08:01:07Z,UCGjG_NYqG_OXG2MJBRWBzeg,14542,254.0,98,0,0,valid
56,rsV_213OhB8,Mercedes EQC 400 Test - Das Beste oder eher nichts?,2020-12-08T19:00:07Z,UCBc0Mghy-6jhMXs3T7DluMg,34866,683.0,178,0,0,valid
57,putiqalw32c,Ab 2025 Autonom Autofahren? Tagesthema Elektromobilit√§t Nr.222,2020-12-09T16:00:14Z,UCHuXYLIv70fPKK9c60TwLQw,102,13.0,6,0,0,comment threshold
58,s9qwpT8yCfs,Neues E-Auto? Steigen Sie gemeinsam mit der N-ERGIE in die Elektromobilit√§t ein.,2020-12-09T15:35:48Z,UCByaREdqNgWd0UF-hqBNgvA,2029,,1,0,0,comment threshold
59,rYL_ELzaXC8,Polestar 2 | E-Auto Test mit @Felixba ‚Äì pr√§sentiert von Yello,2020-12-09T10:58:54Z,UCWDzQTt1RWZD1AtkV76CIBA,21854,757.0,107,0,0,valid
60,-iKie4Z7g1o,E-Auto autark laden ohne Netzanschluss | Mobiler Schnelllader von ME Energy,2020-12-09T12:23:50Z,UCaCaZ-vKtnMG2_FKmEePChQ,14210,562.0,266,0,0,valid
61,leAHEfP2BU4,Update zur Brandgefahr im Hyundai Kona Elektro - #TopNews [Deutsch 4K] | Vision E Drive #48,2020-12-09T20:33:04Z,UCDMd4FzBxxKD5yAeeLStU6A,1330,78.0,12,0,0,comment threshold
62,BOyDiH9MwBs,Tesla Model 3 LR wird Foliert | das Unm√∂gliche wird M√∂glich | Teil 1 üò≥  hier aus Hessenland |,2020-12-09T17:34:28Z,UCf6kkAGiOV_azeGaZ_gKVLQ,325,18.0,4,0,0,comment threshold
63,Yi53xdph37A,3 (noch) unbekannte CHINA Aktien mit 20X Potential üöÄ Geheimtipps aus China | Teil 1,2020-12-09T17:43:54Z,UCKH6zPwG8YEctJcfSDMq1Hw,18633,536.0,83,0,0,Topic
64,DxNMjT8kFOI,Tesla Model 3 | Sitz-Schaumstoff spielt verr√ºckt üò≥ ü™û| Fahrerprofileinstellungen Lsg.? |,2020-12-09T12:53:27Z,UCf6kkAGiOV_azeGaZ_gKVLQ,587,24.0,5,0,0,comment threshold
65,8FzOIrX_TGw,"kw, kWh oder Watt? Elektrofahrzeug-Einheiten erkl√§rt! + QUIZ",2020-12-09T11:31:32Z,UCma-Gqpwk99zlf-bLaFr7oA,1488,60.0,7,0,0,comment threshold
66,fDiSXzkNXIo,Elektroautofahren entspannt,2020-12-09T14:30:07Z,UCjI-AAeydw_6l2YWK_5hMPg,683,112.0,35,0,0,comment threshold
67,TuK0Q_NKMLU,Tesla Aktie EXPLODIERT - Wann soll ich verkaufen?,2020-12-09T14:00:07Z,UCeO_TGFoq-D2jPqttPznuFg,258,16.0,7,0,0,comment threshold
68,Ba2I5Yuxd58,Photovoltaik im Unternehmen! Kosten runter und Elektromobilit√§t f√ºr Mitarbeiter!,2020-12-10T08:15:00Z,UCMlirlzQIUpfb3uC5LXB17Q,1741,150.0,23,0,0,comment threshold
69,Yiblx59s7Ys,Der elektrische VW Passat der ID6 Tagesthema Elektromobilit√§t Nr.223,2020-12-10T16:00:17Z,UCHuXYLIv70fPKK9c60TwLQw,922,33.0,5,0,0,comment threshold
70,o46fwCyJJfQ,Welche Automarke √ºbernimmt Tesla? -Talk mit Ove und Robin üî¥,2020-12-10T21:02:21Z,UCBc0Mghy-6jhMXs3T7DluMg,16571,914.0,146,0,0,valid
71,7MCMlb79yW0,"Breaking Elektro-News: Mokka-e Lieferprobleme, Mustang Mach-E Auslieferung Norwegen,Ladenetz-Ranking",2020-12-10T06:00:04Z,UCsNdsFTTBj5jcRJSWeJ8-Xg,5597,495.0,81,0,0,valid
72,ee6ESgoo3cw,1. Ladekurve f√ºr VW ID.4 + ID.3 77-kWh-Batterie von 5% auf 95%. Klappt es in 38 Min auf 80%?,2020-12-10T14:00:29Z,UCSwRhu8CeHVXZlG1ExdjuTQ,18754,608.0,138,0,0,valid
73,viZ_0IiGTAg,Wallbox anmelden - Wie steuert der Netzbetreiber ?? - KfW 440 - Interview mit Stromnetz Hamburg,2020-12-10T16:10:26Z,UCbe4BpM5-Ta7MIlbKOofTDA,16874,913.0,200,0,0,valid
74,6Eq0ed7jtkw,Das Elektro-Auto ‚Äì Ein Traum f√ºr die Automobilindustrie,2020-12-10T20:23:07Z,UCOUMEpp6bvQsWIeJ75isyGA,110,23.0,3,0,0,comment threshold
75,Avo_rIVsDY0,Elektromobilit√§t: Wie weit ist Deutschland? | SAT.1 Fr√ºhst√ºcksfernsehen,2020-12-11T07:00:01Z,UCi3zDMPLwdM1S6kYymFIEBw,2860,73.0,115,0,0,valid
76,NGKNWNj7RAg,Der E-Wolf #759 - Keine Verbrenner mehr in Berlin?,2020-12-11T05:30:00Z,UCUh8zvuZWNoIur4Cv-3fUzw,197,29.0,11,0,0,comment threshold
77,hb5Vm01Y2f0,Tesla Model 3: Das weltweit meistverkaufte Elektroauto,2020-12-11T10:03:58Z,UCvKSljIz5MuYz0J7GnpvPHQ,59504,245.0,88,0,0,valid
78,2sav2xFaN04,"VW ID.4 - jetzt aber richtig! Lifehacks, Reichweite, Ladespeed, Autopilot-Fail, Software, Kampfpreis",2020-12-11T11:59:01Z,UCgmB8S3f8-9dR8alVUZuZxQ,140752,5686.0,1073,0,0,valid
79,Xgl43YvdB1g,Elektroautos fuÃàr Einsteiger 3 ‚Äì Wie laÃàdt man ein Elektroauto?,2020-12-11T09:06:53Z,UCcyu28yuLowGS_ckohZ7nkQ,1677,95.0,15,0,0,comment threshold
80,lZO_qClGfkw,"Opel Mokka-e 2022 schon ausverkauft, der Erfolg des kleinen SUV Tagesthema Elektromobilit√§t Nr.224",2020-12-11T16:00:29Z,UCHuXYLIv70fPKK9c60TwLQw,2436,41.0,11,0,0,comment threshold
81,bz0U0hTHzHY,VW ID.4 - Einer f√ºr Alles! - Testfahrt / Reichweite / Ladekurve,2020-12-11T12:00:27Z,UCBc0Mghy-6jhMXs3T7DluMg,135663,1790.0,577,0,0,valid
82,8WrRHHvy8Z8,B√∂rsenpunk: Tesla - Fusionspartner gesucht! VW oder Daimler? ElringKlinger neuer Wasserstoffplayer?,2020-12-11T14:48:12Z,UC62IIFhchBWQxLPSyUatD-A,29943,451.0,102,0,0,Topic
83,ngSk1JawD64,Das Elektroauto zerst√∂ren die Umwelt?,2020-12-11T17:02:28Z,UCjI-AAeydw_6l2YWK_5hMPg,2328,303.0,67,0,0,valid
84,ADkEfs8Sq-c,DER KANAL WIRD AUFGEL√ñST  - EINE √ÑRA GEHT ZU ENDE | EFIEBER,2020-12-11T17:00:49Z,UC7yTmxTaRki-3qVGF14Tchw,1266,85.0,18,0,0,comment threshold
85,-ldu7zMc8SM,"VW ID 3, Was kann er? Anfahren im Schnee? Wie l√§dt er? - Testdrive [Deutsch 4K] | Vision E Drive #49",2020-12-11T17:00:00Z,UCDMd4FzBxxKD5yAeeLStU6A,4965,110.0,60,0,0,valid
86,2YPNvQhtJJ8,Experten Ladetalk im Tesla Model 3 | Faszination | warum Tesla ? | Community | W√ºnsche & Ziele !,2020-12-11T22:30:17Z,UCf6kkAGiOV_azeGaZ_gKVLQ,233,15.0,6,0,0,comment threshold
87,j6zzS1uwadk,"VW ID.4 Test: 1 Nachteil den du vor dem Kauf wissen solltest + Kurz√ºberblick zu Platz, Fahren, Laden",2020-12-11T16:46:24Z,UCSwRhu8CeHVXZlG1ExdjuTQ,34888,512.0,153,0,0,valid
88,jrYmRzYcLKk,Tesla startet Verkaufsoffensive Tesla News 12 Dezember 2020 Tagesthema Elektromobilit√§t Nr.225,2020-12-12T16:00:24Z,UCHuXYLIv70fPKK9c60TwLQw,407,37.0,27,0,0,comment threshold
89,cb_sRuN58rY,Volkswagen ID.3 - Erfahrungen vom Besitzer und Laden am neuen EnBW Ladepark Rutesheim,2020-12-12T19:15:23Z,UC6297CMnWqJUqhUlSZC3Gig,5209,306.0,61,0,0,valid
90,A5I7JzgDCm0,2021 Ford Mustang MACH E GT | technische Daten | Preis | Abmessungen | Leistung Electric Drive News,2020-12-12T07:00:04Z,UCxmohYAjhc2qD5pYIOwQ3bA,8877,137.0,17,0,0,comment threshold
91,iRAGVUBymmU,Opel Corsa-e Edition Alltagstest - der beste kleine Stromer?,2020-12-12T08:00:10Z,UCaTyFx9Llt5nQRAFjZyowow,18191,324.0,85,0,0,valid
92,bW1yIp-N5ZU,Prof. Fritz Indra √ºber Irrwege in der Motorenentwicklung (Teil 1),2020-12-12T06:15:00Z,UCGNbe5EL0pR1mnd8ZiU2k9w,125603,2350.0,690,0,0,Topic
93,H_BpFiLAWj0,Royal Dutch Shell Aktie Analyse - Ist √ñl noch wirtschaftlich? | Aktienanalyse (inkl. Fairer Preis),2020-12-12T09:00:11Z,UC7ECR_uG39U9eyc22f75PSA,3595,135.0,45,0,0,comment threshold
94,BDg10k3fuLo,Neues Tesla Model S und X nach Produktionspause im Dezember Tagesthema Elektromobilit√§t Nr.226,2020-12-13T16:00:07Z,UCHuXYLIv70fPKK9c60TwLQw,531,39.0,6,0,0,comment threshold
95,ir-dWgIMkRE,"Gamechanger Aktie in der Elektromobilit√§t -  EV Aktie mit Kursexplosion wie BYD , Nio und Tesla?",2020-12-13T15:45:11Z,UCgC8oXm0xOE-OTaYWYlUKCQ,1502,91.0,15,0,0,comment threshold
96,JfZdQiCt4Io,"Feedback zu ME ENERGY, Kommentare & Mobiler Adventskalender",2020-12-13T19:25:44Z,UCaCaZ-vKtnMG2_FKmEePChQ,2207,203.0,25,0,0,comment threshold
97,jdwBf5XXckA,BYD Aktie - Ernsthafte Konkurrenz f√ºr Tesla?,2020-12-13T13:00:12Z,UCaGbhILmFqLDXj7mRDvDVtQ,11667,470.0,59,0,0,Topic
98,o1X0ZLPVSwY,"#ENF136 Uber beendet RoboTaxis, Solid State Durchbruch?, Aptera mit 1600km Reichweite, EV News, uvm.",2020-12-13T11:16:23Z,UCAhqXf93x97k2VB1OH_8Spw,919,127.0,29,0,0,comment threshold
99,TftMklS4rJU,"Elektromobilit√§t, autonomes Fahren und mobile Robotik | THD - Technische Hochschule Deggendorf",2020-12-14T07:09:19Z,UCc2nRFYXdXbWsCUvnqTr-Zw,259,3.0,1,0,0,comment threshold
100,aBKwSYtEHjs,"Citroen e-C4 350KM Reichweite, Preis von 24000‚Ç¨ nach Pr√§mie Tagesthema Elektromobilit√§t Nr.227",2020-12-14T16:00:00Z,UCHuXYLIv70fPKK9c60TwLQw,1079,26.0,5,0,0,comment threshold
101,Med-G0--L9M,2022 Nissan Ariya Sitzprobe Ersteindruck Leistung Ladezeiten Innenraum Electric Drive,2020-12-14T18:46:24Z,UCxmohYAjhc2qD5pYIOwQ3bA,5404,154.0,6,0,0,comment threshold
102,DS_SBdr0-x0,CityQ - Die Freiheit sich zu bewegen,2020-12-14T10:40:54Z,UC0mwSH1j6W6hnnQ_psIfotA,9472,142.0,8,0,0,comment threshold
103,_GCCLpF-c7U,LS19 Holzer Map #168 - Elektromobilit√§t,2020-12-14T11:00:06Z,UC1l7ozA6H0DZACPYCszmU0Q,1387,128.0,14,0,0,comment threshold
104,I1hT7Ku8yHw,"Milliardenhohe CO2-Strafzahlungen 2020 - Tesla rettet Ferrari, Maserati & Co. üò±",2020-12-14T16:24:11Z,UCDDj2GWklzZ09X7R9OtsX3Q,4077,298.0,64,0,0,Topic
105,lI1ZLSYkZas,"Vier gewinnt! Schl√§gt der Audi e-tron 50 quattro den Audi Q7 45TDI?? Preise, F√∂rderung, Verbrauch!",2020-12-14T01:11:36Z,UCH0_5UeOyvhmvbxTJg9Jdww,2021,29.0,2,0,0,comment threshold
106,HXa0BgtIBJw,12 Tipps F√ºr Dein Neues Elektroauto,2020-12-15T17:00:03Z,UC3rz4cx41jWj7shRBTetzkw,36074,1994.0,195,0,0,valid
107,6QvnNktryWE,ElektroMobilit√§t NRW adressiert mit seiner Arbeit eine stattliche Zielgruppe. Kommunen geh√∂ren dazu.,2020-12-15T14:20:49Z,UCHuljgAv3cA3GPKevRpE0Nw,15,0.0,1,0,0,comment threshold
108,wRkajvNfy_c,Elektroauto Test mit Ladehemmungen? | Was die Presse nicht zeigt,2020-12-15T17:30:02Z,UCaCaZ-vKtnMG2_FKmEePChQ,44010,652.0,165,0,0,valid
109,SP6P5_1vQrs,Toyota und der Weg zum Elektroauto Tagesthema Elektromobilit√§t Nr.228,2020-12-15T16:00:06Z,UCHuXYLIv70fPKK9c60TwLQw,321,12.0,1,0,0,comment threshold
110,YSJ7dyMGLzU,Warum Tesla?  Im Auto mit Arnie und Eva.,2020-12-15T18:29:40Z,UCqtBzOjVW0aLVZHaRYu7dpQ,10561,491.0,48,0,0,comment threshold
111,8Gobo_fflcM,Anleitung Bafa F√∂rderung: Bis zu 6000 ‚Ç¨ Pr√§mie f√ºrs Elektroauto & Plug-In Hybrid.,2020-12-15T15:16:22Z,UC3RdusuTCGxoya327k8iM0A,27379,374.0,77,0,0,valid
112,x57pDmhg4Os,Ford Mustang Mach-E: LEBEN oder TOD der Legende,2020-12-15T10:59:16Z,UCgmB8S3f8-9dR8alVUZuZxQ,45039,1752.0,380,0,0,valid
113,jwbGhGzVYQs,Koch Autogruppe | Audi e-kick Scooter | Carporn,2020-12-15T09:43:53Z,UChWb_xPT1o-5W7Mm4LsGECw,6534,47.0,2,0,0,comment threshold
114,b9nVcsx6X7Q,Apple arbeitet an einem Elektroauto Tagesthema Elektromobilit√§t Nr.229,2020-12-16T16:00:11Z,UCHuXYLIv70fPKK9c60TwLQw,201,19.0,1,0,0,comment threshold
115,qXXdanlJQ1c,E-Auto-Highlights 2021: Die 10 wichtigsten Neuheiten ‚Äì Bloch erkl√§rt #124 | auto motor und sport,2020-12-16T15:00:16Z,UCLINPbYQ9sy6qc-TqtBeVnw,337068,5652.0,1101,0,0,valid
116,wLmzVJiRqEk,Starke Stimmen mit Marcus Fendt von The Mobility House,2020-12-16T16:05:27Z,UC3VIJuG4taRjm_wMm01D0zg,531,30.0,1,0,0,comment threshold
117,AvC93usjqRk,Erstes laden mit dem Elektroauto und schon im Stress. Hyundai Ioniq Elektro EV,2020-12-16T20:46:47Z,UC8AJhYnfzgRHjm0uxrFXEVQ,729,15.0,2,0,0,comment threshold
118,WkqbcwDRWds,Hyundai Ioniq 5 -  Das kann er! - #Topnews [Deutsch 4K] | Vision E Drive #51,2020-12-16T17:00:25Z,UCDMd4FzBxxKD5yAeeLStU6A,15614,268.0,128,0,0,valid
119,MgJaarNXgV8,Tesla Model 3 | PDC reagiert nicht bei d√ºnner Eisenstange | Nicht gut?! |,2020-12-16T14:45:02Z,UCf6kkAGiOV_azeGaZ_gKVLQ,307,16.0,8,0,0,comment threshold
120,g8zoszHp2ho,BayBionik | THD - Technische Hochschule Deggendorf,2020-12-16T11:00:27Z,UCc2nRFYXdXbWsCUvnqTr-Zw,540,11.0,2,0,0,comment threshold
121,2A64YbLDego,-10 Tage elektrisch unterwegs. Vorbereitungen f√ºr neues Auto,2020-12-17T15:16:07Z,UCMZbix9CwEuL6l9SJIb2Zxw,135,11.0,4,0,0,comment threshold
122,KNvzG2sPXEY,Hyundai Ioniq 5 ab Sommer 2021 in Deutschland verf√ºgbar Tagesthema Elektromobilit√§t Nr.230,2020-12-17T16:00:04Z,UCHuXYLIv70fPKK9c60TwLQw,2883,63.0,2,0,0,comment threshold
123,tjjMDg_OnjA,Feinstaub-Problem beim Elektroauto! | Wirbel um OECD Studie,2020-12-17T18:17:28Z,UCaCaZ-vKtnMG2_FKmEePChQ,10694,627.0,276,0,0,valid
124,X8MFM3bU5ts,Re-Livestream Online-Event ¬´Plattform Elektromobilit√§t 9. Dezember 2020¬ª,2020-12-17T14:01:02Z,UCMLl8VucVIkfZdnXNbWMAMg,110,0.0,1,0,0,comment threshold
125,2JimqHQmrs4,Lexus UX300e (2020) | Wie f√§hrt sich das erste E-Auto von Toyotas Edelmarke? | Test mit Andreas May,2020-12-17T04:30:02Z,UCJrXOOtvmGn4CF7aYaJwuHA,9908,154.0,30,0,0,comment threshold
126,C1RrOKjg9FU,E-Auto laden leicht gemacht - startklar mit der E.ON Drive App in Minuten,2020-12-17T08:31:11Z,UCaxyOYxuCxSnNSgKyEukGtg,2260,11.0,6,0,0,comment threshold
127,4B72Jw3HcEc,Baut Apple ein Elektroauto? üî¥,2020-12-17T20:33:47Z,UCBc0Mghy-6jhMXs3T7DluMg,8358,320.0,59,0,0,valid
128,lNyB-0f6goY,"Breaking Elektro-News: Dacia Spring Electric abgelichtet, McDonalds und Rewe bauen Lades√§ulen, etc.",2020-12-17T06:00:09Z,UCsNdsFTTBj5jcRJSWeJ8-Xg,9588,624.0,110,0,0,valid
129,cMvHzOl9W0g,"Rede von Oliver Krischer zum Erneuerbare-Energien-Gesetz, 17.12.2020",2020-12-17T12:28:24Z,UCu4nW0fRniqjkHGRCf80O-A,159,1.0,2,0,0,comment threshold
130,C07bdn4ZkM8,Praxistest: Ein E-Auto mit der E.ON Drive App an einer Ladestation laden,2020-12-17T08:47:40Z,UCaxyOYxuCxSnNSgKyEukGtg,3569,24.0,4,0,0,comment threshold
131,3MRDzGx_DWo,"aktienlust LIVE  - Die B√∂rsen-Show #3 mit Alfred Maydorn, Finanzdiva, B√ñRSE ONLINE, Kolja Barghoorn",2020-12-17T19:12:41Z,UCJSlXY7qCCQqpbv_-WspoFQ,24688,659.0,44,0,0,comment threshold
132,igkTZyz2XIg,Wir sind Oberhausen I Marias Grillrestaurant,2020-12-17T11:00:10Z,UCSobL7wtHLH8l6Pjmph_eZg,297,10.0,1,0,0,comment threshold
133,_R5kfnylIB0,Elektromobilit√§t im Dominikus-Ringeisen-Werk,2020-12-18T14:48:04Z,UCst-j8pfGrcEiLBGSwKUgiQ,835,7.0,2,0,0,comment threshold
134,ylf3Ia6M-Eg,"nextnews: Torschlusspanik, 6 neue Mercedes, VW ID3 Leaks, Tesla Model 3 Falle, Schnell-Lader √ºberall",2020-12-18T17:00:22Z,UCgmB8S3f8-9dR8alVUZuZxQ,101586,5272.0,568,0,0,valid
135,u-q43OnB7W0,Warum Tesla die Welt erobert - eine Kom√∂die in drei Akten (Tools4AgileTeams 2020),2020-12-18T10:42:47Z,UCGSg5IDHT6TF3VZft2Tm_ZA,598,11.0,1,0,0,comment threshold
136,zTsgL3FPP5c,"#NEWS: 1600km-Aptera, Wallbox+Installation gratis, Mehr Ladeleistung ID.3, Elektroauto Richtlinien",2020-12-18T16:54:34Z,UCiZnK4X73okItJqaCs2YDOQ,37607,2172.0,337,0,0,valid
137,zRwBi7MljC8,"Seat Mii Electric K√§lte-Test Heizung, wie schnell ist er warm bzw. sind die Scheiben frei, Test",2020-12-18T09:16:08Z,UCInXlbYmCkRVGbaDkW7bVGg,1532,38.0,15,0,0,comment threshold
138,WGYcdOMbYxw,"VW ID.3 mit 170 kW Ladegeschwindigkeit, Sono Motors neue Finanzierung, Next.e.Go ab 2021",2020-12-18T15:39:17Z,UCBc0Mghy-6jhMXs3T7DluMg,19811,803.0,196,0,0,valid
139,iiI_ycf4BFU,"Elektroauto Aktien vor Crash ‚ÄûTotalverlust droht‚Äú und die L√∂sung (Nio, Xpeng, Tesla, BMW & Co.)",2020-12-18T16:45:05Z,UCothhZdJ7jQVEzMl5ClJKEg,791,42.0,26,0,0,comment threshold
140,0W8-NrXWgRE,Autopilot - Audi und Tesla im Vergleich auf der Landstra√üe,2020-12-18T12:46:56Z,UCuAoYLGCCtkXz0xKuM1MUTQ,23710,1287.0,228,0,0,valid
141,kygzS1pt47Y,Philippinen: Der lange Weg zur E-Mobilit√§t | Global Ideas,2020-12-19T09:00:31Z,UCMIgOXM2JEQ2Pv2d0_PVfcg,2469,95.0,2,0,0,comment threshold
142,PYknsBLpghY,Tesla arbeitet an Zulassungsrekord Tesla News 19 Dezember 2020 Tagesthema Elektromobilit√§t Nr.232,2020-12-19T16:00:18Z,UCHuXYLIv70fPKK9c60TwLQw,288,33.0,2,0,0,comment threshold
143,jn3RKUlzX_E,Prof. Fritz Indra √ºber Irrwege in der Motorenentwicklung (Teil 2),2020-12-19T07:01:54Z,UCGNbe5EL0pR1mnd8ZiU2k9w,106534,2271.0,419,0,0,Topic
144,fK458oVkhR8,Die Entwicklung der Elektromobilit√§t Tagesthema Elektromobilit√§t Nr.233,2020-12-20T16:00:09Z,UCHuXYLIv70fPKK9c60TwLQw,207,17.0,4,0,0,comment threshold
145,cTs90VrWfVA,Elektroauto Laden Leicht Gemacht - 11 Wichtige Tipps,2020-12-20T14:30:59Z,UC3rz4cx41jWj7shRBTetzkw,67148,1877.0,406,0,0,valid
146,cTvRn6EjIAM,Matrix-Licht per App gekauft. Erster Eindruck im Audi e-tron,2020-12-20T13:32:59Z,UCXzAdSkGFtjrbuucfC-t7gA,3416,163.0,98,0,0,valid
147,oRFaDZrMWqs,Wer gewinnt?? Twingo Z.E. Vibes oder Twingo Signature SCe65 Modell 2021 Kosten F√∂rderung Reichweite,2020-12-20T22:56:36Z,UCH0_5UeOyvhmvbxTJg9Jdww,6442,113.0,30,0,0,comment threshold
148,hQPYle-G0rc,"Photovoltaik: Das durchsichtige Dach, das Strom produziert | Abendschau | BR24",2020-12-20T10:59:47Z,UCcweJsCV2TUP_kzMX25U-oQ,123399,1003.0,148,0,0,Topic
149,7CFGrSpqXHA,"Seat Mii Electric 2020 Review, Kompletttest, St√§rken/Schw√§chen, Fahrbericht, Testbericht, Ladesys.",2020-12-20T05:59:14Z,UCInXlbYmCkRVGbaDkW7bVGg,5017,72.0,17,0,0,comment threshold
150,kl-yXSXpC08,Bruddaaler Jahresr√ºckblick 2020 feat.Toni Disco (Offizielles Video),2020-12-20T16:45:10Z,UCLjdRM3A1G1cIKzNe-8d2Jg,20783,563.0,55,0,0,Topic
151,gcV4TStEbXE,"#ENF137 Es ist Zoox Time, Greenpeace kauft bei VW, No Deal 4 Aryia UK, TSLA ab Montag im S&P, uvm.",2020-12-20T10:59:22Z,UCAhqXf93x97k2VB1OH_8Spw,699,131.0,21,0,0,comment threshold
152,A5UyC2p_0Dc,Allego HPC - Zuverl√§ssige Alternative zu anderen HPC Chargern? Mit dem Tesla Model 3 unterwegs...,2020-12-20T08:30:00Z,UCDJ45QyDA0gS3ZaX3p6skBQ,1205,102.0,67,0,0,valid
153,aU0O8aBSNn8,"Energieerzeugung aus Wind, die gr√∂√üte Windanlage der Welt Tagesthema Elektromobilit√§t Nr.234",2020-12-21T16:00:00Z,UCHuXYLIv70fPKK9c60TwLQw,191,19.0,1,0,0,comment threshold
154,MeyeylozG1A,#iFrickNews 15 - Besserwisser und Idioten auf Facebook zur Elektromobilit√§t - DJI st√ºrzt in USA ab,2020-12-21T06:00:02Z,UC0ft_Y8ijB7zGNxfz-VS88A,4346,348.0,122,0,0,valid
155,cZvPkZh72Qs,Roadtrip - ist Urlaub mit dem Elektroauto auf der Insel R√ºgen m√∂glich?,2020-12-21T08:30:02Z,UCuPH6ouleIo8IhmZy65m4pA,2168,148.0,39,0,0,comment threshold
156,IMG2rgGNPaQ,"Seat Mii Electric Beschleunigung 0 - 130 Km/h Non Stop, Acceleration Seat, H√∂chstgeschwindigk. V Max",2020-12-21T07:38:04Z,UCInXlbYmCkRVGbaDkW7bVGg,1064,12.0,2,0,0,comment threshold
157,pr36b8Njs1s,"VW ID.4 1st Edition Max Review, Kompletttest, Test & Drive, Fahrbericht, St√§rken/Schw√§chen, Infos",2020-12-21T15:20:19Z,UCInXlbYmCkRVGbaDkW7bVGg,16385,187.0,48,0,0,comment threshold
158,r_1l1PdD72Y,LOWAGO: Wird der Lade-Tarif-Vergleich zum HEILSBRINGER im Tarif-Dschungel? Zweifel sind angebracht üòú,2020-12-21T13:45:11Z,UCsNdsFTTBj5jcRJSWeJ8-Xg,5448,415.0,80,0,0,valid
159,P3B___5oa_A,"Herr Scheuer, das l√§uft falsch in der Elektromobilit√§t - Interview mit Andreas Scheuer",2020-12-22T17:00:30Z,UCBc0Mghy-6jhMXs3T7DluMg,40560,2958.0,696,0,0,valid
160,i8D79bKtW0Q,Elektrische Alternativen im Bau und Transport Tagesthema Elektromobilit√§t Nr.235,2020-12-22T16:00:30Z,UCHuXYLIv70fPKK9c60TwLQw,117,13.0,5,0,0,comment threshold
161,qFfqm-m24fQ,"Sebastian Ewert v. chargeBIG √ºber Flottenelektrifizierung & Ladeinfrastruktur ‚Äì ""electrive.net LIVE""",2020-12-22T11:00:34Z,UC_vO01sSD25a73DhoaxtZTw,388,10.0,1,0,0,comment threshold
162,jKOKJpcrMBA,Probleme mit den Lades√§ulen | Stockender Ausbau | Nationale Leitstelle Ladeinfrastruktur,2020-12-22T17:54:51Z,UCaCaZ-vKtnMG2_FKmEePChQ,7509,583.0,180,0,0,valid
163,uJ3F_t1Z6uA,Test: Der neue Mazda MX-30 | √ñAMTC auto touring,2020-12-22T10:50:16Z,UCNt-1WNm7WXgLNKN4LVolTQ,2313,16.0,7,0,0,comment threshold
164,pUFpYbqOb5A,"VW Golf, Tiguan, Passat, Skoda, 190PS TDi Anfahrschw√§che, Software, 230PS/460NM, Turboloch.",2020-12-22T17:17:57Z,UCInXlbYmCkRVGbaDkW7bVGg,5670,49.0,36,0,0,comment threshold
165,vYnHO2or0-4,FSD Beta Tesla Model S 3 X Y | Monats Abo? | Was twittert Elon Musk ? Pro Monat ‚Ç¨ ? oder Kaufen ?,2020-12-22T16:04:16Z,UCf6kkAGiOV_azeGaZ_gKVLQ,544,41.0,16,0,0,comment threshold
166,9GmGWuMZc4I,"VW ID.4 Sprachmodus Review, Funktion, Genauigkeit, Schnelligkeit, was f√ºr Funktionen, im Fahrmodus",2020-12-22T09:16:15Z,UCInXlbYmCkRVGbaDkW7bVGg,2298,37.0,9,0,0,comment threshold
167,F8iHd9HQAFE,"VW ID.4 Ambientebeleuchtung Review 30 Farben, Ambient lighting, Interior Light, Innenraumbeleuchtung",2020-12-22T08:17:26Z,UCInXlbYmCkRVGbaDkW7bVGg,3939,38.0,10,0,0,comment threshold
168,uVFAD9IISK0,"VW ID.4 Rangierassistent, Ausparkassistent, Area-View 360Grad Kamera, Emergency Assist. Test & Drive",2020-12-22T11:25:49Z,UCInXlbYmCkRVGbaDkW7bVGg,11275,91.0,6,0,0,comment threshold
169,2YPw-RkvGh8,EIGENENERGIE/ENERGIEWENDE - DAS KOMMT 2021,2020-12-22T19:15:10Z,UCOrM_L8GhXgQ4AsD-Xba6Ew,18294,426.0,125,0,0,Topic
170,80r7ggTDSsA,Xpeng G3 ein elektrisches Premium SUV zum Low Budget Preis  Tagesthema Elektromobilit√§t Nr.236,2020-12-23T16:00:03Z,UCHuXYLIv70fPKK9c60TwLQw,992,36.0,3,0,0,comment threshold
171,-K16yL3ispQ,Umwelts√ºnder E-AUTO? ARTE irritiert mit merkw√ºrdiger DOKU,2020-12-23T17:38:03Z,UCj089h5WsDdh1q8t54K3ZCw,19549,671.0,616,0,0,valid
172,g3zuqBJQW9Y,Tesla S 3 X Y | SuC | Werkst√§tten/Reparatur | Service | Urlaub/‚ö†Ô∏èHoll√§nder/Laden?Europa/Ausbau News,2020-12-23T09:20:40Z,UCf6kkAGiOV_azeGaZ_gKVLQ,306,22.0,4,0,0,comment threshold
173,vB1zAt-K5gI,Tesla Model 3 Refresh 2021: Buyer¬¥s Guide und EV Impressionen/Techniken,2020-12-23T10:01:20Z,UCasePAQ_q7tbUGybICCj4NQ,3789,103.0,42,0,0,comment threshold
174,Je3gdKRQmtM,Elektroauto Highlights 2021 - wir werfen einen Ausblick auf das was uns erwartet ...,2020-12-24T08:30:01Z,UCuPH6ouleIo8IhmZy65m4pA,2771,116.0,39,0,0,comment threshold
175,sl-ibRPMzis,"Breaking Elektro-News: VW e-Golf eingestellt, EnBW f√∂rdert Lithium, BYD liefert 246 E-Busse, etc. üéÖ",2020-12-24T06:00:11Z,UCsNdsFTTBj5jcRJSWeJ8-Xg,10333,598.0,110,0,0,valid
176,sPugmB5CDWo,Die Entwicklung des Vorreiters der Elektromobilit√§t Nissan Leaf Tagesthema Elektromobilit√§t Nr.238,2020-12-25T16:00:30Z,UCHuXYLIv70fPKK9c60TwLQw,220,14.0,2,0,0,comment threshold
177,On0FqdUsJwE,[4K Fahrt #33] N√ºrnberg - Landsberg am Lech,2020-12-25T05:30:03Z,UCUh8zvuZWNoIur4Cv-3fUzw,141,4.0,9,0,0,comment threshold
178,Kj-xhT9YdLo,Von Zoox dem autonomen Fahrzeug und neuen Zweir√§dern Tagesthema Elektromobilit√§t Nr.239,2020-12-26T16:00:04Z,UCHuXYLIv70fPKK9c60TwLQw,102,15.0,3,0,0,comment threshold
179,TYMeZ-gEKj0,Meine Ladestation f√ºr die Mietwohnung (Keine KfW 440 F√∂rderung),2020-12-26T13:00:20Z,UCXzAdSkGFtjrbuucfC-t7gA,8988,518.0,227,0,0,valid
180,KFaGuySDrGY,"Tesla Fahrschule, Erfahrungen und Reaktionen",2020-12-26T07:11:09Z,UCqtBzOjVW0aLVZHaRYu7dpQ,17237,1357.0,203,0,0,valid
181,SwjvmTvJ424,"WATERLOO ELEKTROMOBILIT√ÑT? Plugsurfing verlangt zuk√ºnftig 1,09 Euro an IONITY-Lades√§ulen üò°üò°üò°",2020-12-27T08:59:52Z,UCsNdsFTTBj5jcRJSWeJ8-Xg,15875,1508.0,935,0,0,valid
182,3DO-tTqiWvI,Ladechaos und √ºberteuertes Laden verhindern die Elektromobilit√§t?,2020-12-27T13:30:02Z,UCPApmql2ig6yuB9dhDUtAag,160,,5,0,0,comment threshold
183,L__WOKXX_KU,Tesla eingehende Analyse | Geschichte von Elon Musk und Stand der Elektromobilit√§t,2020-12-27T08:25:20Z,UCSGO2MH344f0WHHrVdUbO8g,608,19.0,9,0,0,comment threshold
184,LZz-0Mgv5h0,Ladetarife ohne Limit | 1kWh so teuer wie 1L Diesel | Was kommt 2021 auf uns zu?,2020-12-27T19:31:26Z,UCaCaZ-vKtnMG2_FKmEePChQ,11553,482.0,217,0,0,valid
185,ZW9Kds5NkwA,Tesla Model 3 Refresh 2021 - Schach der Automobilindustrie!!!,2020-12-27T19:33:33Z,UCasePAQ_q7tbUGybICCj4NQ,5504,290.0,93,0,0,valid
186,OQnmmRmqCHA,BMW i3s 120Ah Modell 2021 0 - 100 Test Verbrauch Preise Reichweite F√∂rderung Gebrauchtpreise,2020-12-27T21:38:56Z,UCH0_5UeOyvhmvbxTJg9Jdww,10789,167.0,31,0,0,comment threshold
187,10th_MbX0q0,üí∏ Worauf DU bei einem ETF Kauf achten solltest üí≥,2020-12-27T09:00:00Z,UCMYh4R3rImY3tzDEkPDplVw,1250,57.0,12,0,0,comment threshold
188,EWL6i7fuQms,Abendroutine - Meine Pendelstrecke durch HH nach Hause - mit Emotionen - im Tesla Model 3,2020-12-27T08:30:01Z,UCDJ45QyDA0gS3ZaX3p6skBQ,1157,129.0,38,0,0,comment threshold
189,Fgt7xGi-AUQ,Jahresr√ºckblick Elektromobilit√§t 2020 - Teil1 Januar-Juni,2020-12-28T16:30:10Z,UC_vO01sSD25a73DhoaxtZTw,2710,103.0,10,0,0,comment threshold
190,4F68dLnR16g,Als VW an eine √úbernahme von Tesla dachte VW News Tagesthema Elektromobilit√§t Nr.241,2020-12-28T16:00:01Z,UCHuXYLIv70fPKK9c60TwLQw,319,40.0,10,0,0,comment threshold
191,XUv0ccR3u7M,"#rC3   ‚ÄûElektromobilit√§t‚Äú und warum sie so, wie sie derzeit vorgeschlagen wird, nicht funktionieren",2020-12-29T21:34:03Z,UCtuSU6ohVJmxMqlFOWm1_iw,1350,9.0,28,0,0,comment threshold
192,kysc6D2ahS0,2 Tage elektrisch unterwegs. ID.3 einr√§umen. Stand (Straf-) Geb√ºhr beim Laden bezahlt. S√§ulencheck,2020-12-29T18:13:07Z,UCMZbix9CwEuL6l9SJIb2Zxw,1794,48.0,13,0,0,comment threshold
193,Qe01JHOMT-M,Elektroauto News 29 Dezember 2020 Tagesthema Elektromobilit√§t Nr.242,2020-12-29T16:00:24Z,UCHuXYLIv70fPKK9c60TwLQw,327,32.0,3,0,0,comment threshold
194,10-Y4mMF-0k,DIE BESTEN ELEKTROAUTOS 2021 | alle DATEN und PREISE,2020-12-29T14:14:21Z,UCDDj2GWklzZ09X7R9OtsX3Q,178150,1935.0,226,0,0,valid
195,jrCXqb3VEEU,Wie weit f√§hrt ein E-Auto ohne nachzuladen? Tesla Model 3 & S im H√§rtetest,2020-12-29T17:00:12Z,UCgmB8S3f8-9dR8alVUZuZxQ,57381,2296.0,156,0,0,valid
196,JyRD5T-3iXY,1 Tag elektrisch unterwegs. Hurra der ID.3 ist da. So war die Fahrt nach Wolfsburg und die Abholung.,2020-12-29T09:32:33Z,UCMZbix9CwEuL6l9SJIb2Zxw,4458,166.0,59,0,0,valid
197,CPUxANiLhng,2021 Hyundai IONIQ 5 Abmessungen & technische Daten | Electric Drive News,2020-12-29T07:00:01Z,UCxmohYAjhc2qD5pYIOwQ3bA,37378,368.0,61,0,0,valid
198,sTIrt0pl-M0,Jahresr√ºckblick Elektromobilit√§t 2020 - Teil2 Juli-Dezember,2020-12-30T09:30:10Z,UC_vO01sSD25a73DhoaxtZTw,1921,64.0,9,0,0,comment threshold
199,sfcYOrDKn5M,"Ladeinfrastruktur, BMW f√ºr st√§rkeren Ausbau, Corsa freies Laden Tagesthema Elektromobilit√§t Nr.243",2020-12-30T16:00:30Z,UCHuXYLIv70fPKK9c60TwLQw,191,19.0,2,0,0,comment threshold
200,HuRHhvfO-M4,3 Tage elektrisch unterwegs. Muss ich 200 Stunden pro Jahr an der Lades√§ule warten?,2020-12-30T19:13:26Z,UCMZbix9CwEuL6l9SJIb2Zxw,533,32.0,16,0,0,comment threshold
201,99rO2-w1UrM,Warum ich mich manchmal sch√§me ein Elektroauto zu fahren |,2020-12-30T12:28:11Z,UCaCaZ-vKtnMG2_FKmEePChQ,15152,850.0,275,0,0,valid
202,gbg5KMH6MYI,Der neue VW ID.4 | Auto Bach Gruppe,2020-12-30T09:51:56Z,UCeqEx6gTl8MWqOSSU2ZZUdw,1586,28.0,3,0,0,comment threshold
203,tlIxUvs4x9I,Kostenloser OpenSAP Kurs verf√ºgbar - SAP Enterprise Architecture,2020-12-30T12:00:17Z,UCSGO2MH344f0WHHrVdUbO8g,90,6.0,1,0,0,comment threshold
204,_fIRRvkt2RY,Elektromobilit√§t 20/21: DER GRO√üE R√úCK & AUSBLICK mit Elektrisiert!,2020-12-31T10:49:34Z,UCiZnK4X73okItJqaCs2YDOQ,59817,2692.0,687,0,0,valid
205,0s_BuUs3Dok,ENERGIELOESUNG Trailer /// 2021 // Elektromobilit√§t + eMobility + eAuto,2020-12-31T15:03:26Z,UCUYT5ThWuRNWAbV0nul7EGQ,52773,46.0,13,0,0,comment threshold
206,BjL3oqhZFDo,"Mitsubishi neuer elektrischer SUV, Abu Dhabis Solarkraftwerk Tagesthema Elektromobilit√§t Nr.244",2020-12-31T16:00:03Z,UCHuXYLIv70fPKK9c60TwLQw,396,27.0,1,0,0,comment threshold
207,TCRSXKy2plg,Zweiter Versuch Verbrauch Tesla Model 3 SR+,2020-12-31T16:02:27Z,UCua87-Wr29nGhVLzZrN2e_g,1604,69.0,14,0,0,comment threshold
208,c_ca4-WTpoA,Die autarke Fahrschule - Tankstelle auf dem Dach,2020-12-31T19:30:10Z,UCy82YSU9FxoYhknZ4PFmjrQ,3203,124.0,22,0,0,comment threshold
209,j34K-tE8vmA,"Breaking Elektro-News: VW baut Ladeinfrastruktur aus, VW ID.4 Verkaufsstart, Mitsubishi Elektro-SUVüòé",2020-12-31T06:00:21Z,UCsNdsFTTBj5jcRJSWeJ8-Xg,6014,533.0,94,0,0,valid
210,Hl43v9IY8Kg,Helge Thomsen im Interview mit eFUEL-TODAY,2020-12-31T22:38:01Z,UCfZ1HI8Nlk9OMKkjc2XQh7g,116707,5602.0,932,0,0,Topic
211,p8Kr8aGTtiM,Prof. Rainer Lademann im Interview bei eFUEL-TODAY,2020-12-31T22:37:38Z,UCfZ1HI8Nlk9OMKkjc2XQh7g,2042,80.0,35,0,0,comment threshold
212,6LpIEncBp2M,Wer kennt den Begriff E-Fuel? - Stra√üenumfrage von eFUEL-TODAY,2020-12-31T22:37:49Z,UCfZ1HI8Nlk9OMKkjc2XQh7g,502,36.0,15,0,0,comment threshold
213,0bIQNdQSJV8,Elektroauto an E-Bike Lades√§ule laden (2. Versuch!),2020-12-01T22:06:55Z,UCXzAdSkGFtjrbuucfC-t7gA,4527,275.0,99,0,0,valid
214,mMvxBrZFqrw,Vision√§r Elon Musk: Tr√§umerei oder doch Realit√§t? | Galileo | ProSieben,2020-12-01T11:30:03Z,UC1XrG1M_hw8103zO2x-oivg,190420,5852.0,739,0,0,valid
215,zW4ni4cli7k,"8 LEISTUNGSSTARKE RC-CARS, DIE DU SOFORT ONLINE KAUFEN KANNST",2020-12-01T14:01:21Z,UCQiDTuEa70F-Ts1JHN1QHlQ,215487,3246.0,137,0,0,Topic
216,pzeWWvWkRgQ,Elektroauto - Wieso es Umweltfreundlich ist / Kurzfilm,2020-12-01T17:34:34Z,UCrMQ0meNnt-KWwAr9VgKKLw,62,3.0,1,0,0,comment threshold
217,9ItRBabun74,DS3 Crossback E-Tense (2021) Meine erste Fahrt mit dem Elektro-SUV üá´üá∑ü•ñ Fahrbericht | Review | Test,2020-12-01T16:27:24Z,UCy9Y4en2y1eR1zwcmFkRMzg,5973,91.0,22,0,0,comment threshold
218,gOheip4Si-k,"Fahrbericht Honda Jazz: Au√üen kompakt, Innen magisch",2020-12-01T13:09:51Z,UCcPcua2PF7hzik2TeOBx3uw,3132,15.0,3,0,0,comment threshold
219,QRolzKMeidE,Der VERSUCH den 140 Km/h RC AUTO REKORD zu brechen geht SCHIEF! | Arrma Infraction Highspeed,2020-12-01T14:45:00Z,UCPFhnt7T8iaBLp1wIfFRzFw,470801,33744.0,1148,0,0,Topic
220,cCH9BmdkxX8,Scheelen Sunliner Elektro Kabinenroller Fahrtest,2020-12-01T15:42:41Z,UCN4z4BIRbEsOO0p8h0w1wsg,52610,571.0,66,0,0,valid
221,FZQcD3KyT9M,E gewinnt - Das Elektroauto Brettspiel,2020-12-01T00:37:57Z,UCXwkuCxVfB0D8LVkFDobvEQ,84,3.0,1,0,0,comment threshold
222,gSRbhtlDnQk,"Hyundai Tucson 2020 | Modellvarianten, Ma√üe, Motoren, Sonderausstattungen, Zubeh√∂r",2020-12-01T18:48:58Z,UCBTJnSirNI8kwOn5ROB_BGA,21880,177.0,36,0,0,comment threshold
223,2P5X4JHcbyo,"Lexus UX 300e: Erst E-Auto-Skeptiker, jetzt Benchmark? - Bloch erkl√§rt #121 | auto motor und sport",2020-12-02T15:00:03Z,UCLINPbYQ9sy6qc-TqtBeVnw,88696,2208.0,560,0,0,valid
224,XfG6susgOlM,üîã 2020 Mazda MX-30 e-Skyactiv Langzeittest bei winterlichen Bedingungen [4K] - Autophorie,2020-12-02T17:00:10Z,UCllHFziN2zWOQ2yvbejyH0A,16072,229.0,65,0,0,valid
225,qYAuRn4qPNI,"VW ID.3 Pro Performance 1st (204 PS, 58 kWh) üîãüîå Elektro Volkswagen? ü§î Fahrbericht | Review | Test",2020-12-02T18:46:47Z,UCy9Y4en2y1eR1zwcmFkRMzg,14085,249.0,79,0,0,valid
226,B_Yngg67_bU,Tesla - Konkurrenz aus China naht,2020-12-02T13:17:29Z,UC62IIFhchBWQxLPSyUatD-A,4258,53.0,9,0,0,comment threshold
227,b1DV7MZdLHE,Der neue Fiat 500 | Park Paket: die Sicherheit immer im Blick.,2020-12-02T15:16:48Z,UCym9bTK15PA5oIZG0NQPxeg,6819,35.0,1,0,0,comment threshold
228,ia25pyfdU3M,Die Weihnachtserinnerungen des jungen Joko W. | #370 AWFNR,2020-12-02T11:00:23Z,UCzhMUIiyRf2PKvnBsNs2wFA,12052,187.0,25,0,0,comment threshold
229,ks77J-CIQKM,Geschenkverpackungen selber basteln: Milcht√ºte im Upcycling #WirMachenWeihnachten,2020-12-02T11:00:12Z,UCmyyEYFgVRdhF903_b-M3FQ,5310,137.0,40,0,0,comment threshold
230,XmTXJsCVWMo,STAtube 20/2020 ~ ZF Bremsenwechsel bei Elektrofahrzeugen | TRW Electric Blue Bremsbel√§ge,2020-12-03T10:41:59Z,UCBHpb7E-wYw7NPS0-vhQfjQ,46958,48.0,3,0,0,comment threshold
231,CqECWvNyilU,10 Fakten zum Nissan Ariya | Leistung Reichweite Abmessungen AnhaÃàngelast | Voice over Cars News,2020-12-03T08:08:20Z,UCdZ9F6bap1b7JQZ1pZiFJ_w,7388,129.0,60,0,0,valid
232,ff4n08fpNAg,Fiat 500 e - Primus der elektrischen Kleinwagen oder nur ein Blender im schicken Gewand ?!,2020-12-03T08:30:02Z,UCuPH6ouleIo8IhmZy65m4pA,18914,340.0,81,0,0,valid
233,SjUBXwmXKeo,Das g√ºnstigste Elektroauto √ñsterreichs ‚Äì Der Renault Twingo Electric,2020-12-04T15:21:01Z,UC2xJQ4GUV9zVrAaYinVmpdQ,4163,63.0,13,0,0,comment threshold
234,2lNAHRpbGa0,üî¥ Renault Zoe Elektroauto ohne Strom geschoben zur Ladestation in T√ºbingen,2020-12-04T16:30:51Z,UCc6YNcod5OUrlxUQbyHguAw,1132,31.0,46,0,0,comment threshold
235,ec7nKcmvW2w,"Teure Nachr√ºstungen, mehr B√ºrokratie: Scheitert die Energiewende? | heute-show vom 04.12.2020",2020-12-04T22:11:13Z,UCFqcNI0NaAA21NS9W3ExCRg,475246,13912.0,1153,0,0,Topic
236,Wgh1vNeY6hg,Nissan Micra IG-T 100 XTronic - Kleinwagen mit Automatik empfehlenswert? Test - Review -Verbrauch,2020-12-04T07:30:27Z,UCETmLeBpDeXIFyNbRV_Kblg,5958,84.0,15,0,0,comment threshold
237,-C-LRHfZX7M,nEo Video #051: Reifenpanne und Aiways U5 Probefahrt,2020-12-04T19:00:12Z,UCQdrzbm5xWR7iDqP5uwbydw,1671,40.0,16,0,0,comment threshold
238,WClR-6vyjCE,VW ID.3 im Test üîãüîå Was taugt das beliebteste Elektroauto?ü§î Fahrbericht | Review | Reichweite,2020-12-05T17:19:32Z,UCy9Y4en2y1eR1zwcmFkRMzg,45132,548.0,245,0,0,valid
239,AdPctXDWbWA,Kostenfalle E-Auto? √úberraschung bei den 5 gr√∂√üten Kosten √ºber die typische Haltedauer von 15 Jahren,2020-12-05T17:00:09Z,UCSwRhu8CeHVXZlG1ExdjuTQ,24724,670.0,358,0,0,valid
240,JJwzj9ONPDE,Mercedes-Amg GLA 45 Kinder-Elektroauto,2020-12-05T10:42:13Z,UCPsd-y5c67KL9A2Ng8ongoQ,2077,4.0,1,0,0,comment threshold
241,eawWux9gYnI,"Tesla Model 3 SR+ China Kracher, Top oder Flop? LFP Akku und Scheinwerfer auch neu.",2020-12-05T15:11:45Z,UCqtBzOjVW0aLVZHaRYu7dpQ,80928,3568.0,725,0,0,valid
242,gXiKpjme26E,Audi e-tron GT concept: Geheimnis um Zukunfts-Auto gel√ºftet ‚ÄìFahrbericht/Review mit Klaus Niedzwiedz,2020-12-05T15:49:55Z,UCo-boT3MB4jtbBSiK2Dfyzw,2170,22.0,5,0,0,comment threshold
243,Q65xCiiVSLU,Doppelzimmer inkl. Tesla Model 3 oder S - Hotel & Restaurant Talblick in Bad Ditzenbach - Auendorf,2020-12-05T19:00:12Z,UC6297CMnWqJUqhUlSZC3Gig,2791,317.0,36,0,0,comment threshold
244,hNHkRmyOKHw,E-Auto: F√∂rderung f√ºr Ladestation. Talk: News zu E-Mobilit√§t,2020-12-05T20:00:06Z,UCdhgVU1AZFTmiDE-VnmVoiQ,1820,19.0,6,0,0,comment threshold
245,sM9lu_3m3zA,10 Autonomes Fahren Aktien - Warum das Thema noch gr√∂√üer als Elektroauto werden sollte,2020-12-06T09:08:36Z,UCSB5rz-gB6JeaULNV1xV6Ng,6141,185.0,69,0,0,Topic
246,2ViJDhGKbnI,"DIY Reifenwechsel und Teslas TEURE REIFENFALLE beim 2021 Model 3 Refresh | Tips, Tricks & More",2020-12-06T18:00:01Z,UC-s__WrmBUAGRQqeZxcFxlQ,68584,1716.0,242,0,0,valid
247,uX9VkoGgFHw,Tesla Model X Long Range (2020) - E-Auto mit CHARAKTER!,2020-12-06T12:00:28Z,UCdF4z_2Q02q81AK-Xq2_5Rg,52915,1504.0,566,0,0,valid
248,zxSjSjDggWc,Porsche Taycan Turbo S vs 911 Turbo S - Giganten-Duell bei Drag Race | auto motor und sport,2020-12-06T08:00:31Z,UCLINPbYQ9sy6qc-TqtBeVnw,156973,2949.0,472,0,0,Topic
249,E5CP7VKZXKk,Unser erster Aixam D-Truck wir entdecken ihn mit euch zusammen - GAMMA Fahrzeuge,2020-12-06T08:00:27Z,UCJXnkzTCG4MR0zYpzgQZ0Sw,18224,379.0,58,0,0,Topic
250,l8lRrz9s0k0,Elektroauto VW ID.3 PRO - FAHRBERICHT! Hat sich das Warten gelohnt?  | #VW ID.3 | #Test-Fahrbericht,2020-12-07T19:14:20Z,UCIKSb9VyJaQIJeADEdFIOrw,2732,33.0,30,0,0,comment threshold
251,2fFmOZHzHZw,2021 Citroen e-C4 Fahrbericht Test Review Kaufberatung Verbrauch Reichweite Preis | Electric Drive,2020-12-07T20:13:24Z,UCxmohYAjhc2qD5pYIOwQ3bA,27079,526.0,46,0,0,comment threshold
252,xjOICAzVIIA,Volkswagen VW ID3 Schnee-Chaos Schneeketten,2020-12-07T13:42:10Z,UCgcn_rHI1QgT-57q_sfzyDg,59882,1363.0,198,0,0,valid
253,A5QXWyR_xVM,Tesla Aktien steigen stark - Jetzt Tesla Aktien kaufen? Die Elektroauto Aktie in der Analyse,2020-12-07T20:47:57Z,UCzI2pFo5qj6iVAU_yfTRDXg,3804,172.0,42,0,0,comment threshold
254,jEpCynU6MQg,Audi e tron: 8.000km FAZIT - Nicht NUR Tesla hat M√§ngel!,2020-12-07T17:20:44Z,UCiZnK4X73okItJqaCs2YDOQ,133277,3809.0,1086,0,0,valid
255,1J0WS_qOog4,Kabinenroller Futura 2 Test Probefahrt 53 km/h Elektro-Kabinenroller Elektromobil 250 Servicepartner,2020-12-08T11:48:18Z,UCEoZqJ3m3xzEvOSzFDE69Iw,97784,972.0,200,0,0,valid
256,vOaoCep2fMI,Skoda Octavia iV: Ist der Plug-in-Hybrid wirklich sparsam? ‚Äì Fahrbericht/Review | auto motor sport,2020-12-08T15:00:15Z,UCLINPbYQ9sy6qc-TqtBeVnw,82183,789.0,332,0,0,valid
257,gyLHUq8suKo,Erste Eindr√ºcke meines Model 3 LR (2021) - SEHR GUT!!,2020-12-08T07:57:58Z,UCasePAQ_q7tbUGybICCj4NQ,13661,381.0,85,0,0,valid
258,t_C-rXBawqQ,Neues 80 Km/h RC AUTO geht nach 5 SEKUNDEN KAPUTT! - 300‚Ç¨ Carson Virus 4.1 im Test,2020-12-08T14:15:01Z,UCPFhnt7T8iaBLp1wIfFRzFw,265990,11637.0,729,0,0,Topic
259,faJ_oC1R_V0,Ist der Hyundai i20 besser als der VW Polo & Co? | Motorvision,2020-12-08T15:00:09Z,UCrPoTKfvNvJhG1Ngf6jHB1w,13513,134.0,27,0,0,comment threshold
260,L7vbv59f_fE,Abholung NEUES TESLA MODEL 3 Facelift (2021) - Gibt es M√§ngel oder Sch√§den?,2020-12-08T16:00:11Z,UC7gqKyCHYENWESm3mGcJO5A,25478,856.0,113,0,0,valid
261,CWl5GnAX6XE,Mercedes Erlk√∂nig EQS Outer Space E.T. * 4K SPY VIDEO,2020-12-08T07:00:04Z,UCHveENfxQf4Hw-hCPmygoaw,1678,,22,0,0,comment threshold
262,yoOhAxEsHA0,EWE CO2-Neutral: Smartgeber Younes und Sabine erkl√§ren den Treibhauseffekt,2020-12-08T12:09:14Z,UCRFR365PjI3923-PTQV6SMQ,53112,56.0,7,0,0,comment threshold
263,Xg25lLnDL0o,Realer Irrsinn: Elektroauto-Lades√§ule hinter Bikesharing-Station | extra 3 | NDR,2020-12-09T21:16:50Z,UCjhkuC_Pi85wGjnB0I1ydxw,349348,5639.0,703,0,0,valid
264,eOSCkuPVh9k,Verkehrswende: Elektroautos ohne Ladestationen | extra 3 | NDR,2020-12-09T21:13:31Z,UCjhkuC_Pi85wGjnB0I1ydxw,35005,1048.0,313,0,0,valid
265,Zf-ikz0wrls,"VW ID.3 Winterprobleme im Check: W√§rmepumpen-Fail, Verbrauch, Schnelles Laden, Vorheizen, Kosten",2020-12-09T16:16:28Z,UCgmB8S3f8-9dR8alVUZuZxQ,273694,12424.0,1538,0,0,valid
266,dXWgYIQKzw4,Wallbox-F√∂rderung KfW 440: PV-√úberschussladung f√ºr unser Elektroauto Renault Zoe,2020-12-09T14:21:58Z,UC-k-5F2j4CUzuwkx1QLRlpA,5750,210.0,95,0,0,valid
267,2GMID5T3zoM,"2021 Citro√´n C4 vs. √´-C4: Elektro oder Benziner? Review, Test, Fahrbericht",2020-12-09T17:00:10Z,UCUKYv9dpFAbuLNWIgxuQQBA,37039,435.0,63,0,0,valid
268,--jjFYOdFYs,Stromerzeugung und induktives Laden mit Solarstra√üen | Die Deutschland-Tour,2020-12-09T08:00:00Z,UCaxyOYxuCxSnNSgKyEukGtg,557234,46.0,17,0,0,comment threshold
269,31y2iXXCAB0,T√§gliches VORHEIZEN mit 230V am VW ID.3 - was bringt das? | deer e-Carsharing,2020-12-09T10:30:02Z,UCHeWtVw_wNCUZkzc5wif2FQ,20706,441.0,163,0,0,valid
270,hdNMViAF6x0,Cupra Formentor | Hat er den Hype wirklich verdient? // Tobias G√∂rgens,2020-12-09T09:00:13Z,UCRMxkbtqsM66SQYV4ZnLqrA,10430,123.0,60,0,0,Topic
271,NLEVhaFMAcs,Corporate Identity: Neues Erscheinungsbild f√ºr Opel‚Äã,2020-12-09T09:37:33Z,UCqfVsQU6942FMs3BiZM5qfg,4008,90.0,8,0,0,comment threshold
272,6icEy-91How,FAHREN bald OHNE #F√ºhrerschein??? / FRAGEN AN DIE ZUKUNFT mit Daniela Kluckert,2020-12-09T13:30:12Z,UC2TCluB4jcrJqis5rzGcCbw,26677,30.0,7,0,0,comment threshold
273,-R8n-jxvHQ8,Alle Aktien wie die Tesla Aktien fallen - Was tun? Gr√ºnde & Was du wissen musst [Analyse],2020-12-09T21:11:16Z,UCzI2pFo5qj6iVAU_yfTRDXg,5772,385.0,62,0,0,Topic
274,NeF6jUcAO7I,Kinderarbeit und fehlendes Lieferkettengesetz | extra 3 | NDR,2020-12-09T21:15:22Z,UCjhkuC_Pi85wGjnB0I1ydxw,85193,2983.0,275,0,0,Topic
275,mrs7Ju_a7Io,Elektroauto nach Unfall schrott - Was tun? Lehren aus dem Tesla-Brand in Tirol vom letzten Jahr,2020-12-10T15:30:03Z,UCd5Jpd5473VPhNjdWMUP6tw,13037,964.0,144,0,0,valid
276,nVkObovVJZc,"‚ö°Ô∏è‚ö°Ô∏è‚ö°Ô∏è 2021 Nissan Ariya - Statische Premiere, Interieur, Sitzprobe, kein Test",2020-12-10T09:45:09Z,UCAXLYcPBW3AJ52ZAhinOyFQ,39872,1044.0,236,0,0,valid
277,jFi-IEmMEWU,Pioneer‚Äôs Journey: Der Weg des DTM Electric zur Weltpremiere in Hockenheim,2020-12-10T15:12:56Z,UCJxROveyMrDU7pMxTu8QJYg,5109,103.0,12,0,0,comment threshold
278,eUpVdhxKDi0,"Probe sitzen im NISSAN ARIYA, dem ELEKTRO SUV f√ºr 2021 | Zahlen, Daten, Fakten",2020-12-10T20:35:37Z,UCaCaZ-vKtnMG2_FKmEePChQ,12223,679.0,101,0,0,valid
279,qnFzRLRN83A,Der autarke Wohnwagen #05 - Die Kiste!,2020-12-10T17:00:17Z,UCdPCrCxcLyL7DQGo3P6ZfUA,11592,957.0,94,0,0,Topic
280,usqt2gf2NuM,JP Performance - Der Abenteuer Roadtrip mit Wasserstoff | + Albert Biermann,2020-12-10T10:30:03Z,UC1-VOKyTJrgLiBeiJqzeIUQ,605217,19375.0,2106,0,0,Topic
281,SgeyH4weM4I,Ein Jahr Tesla ü§úü§õ Die Abrechnung nach 25.000 km im Elektroauto Tesla Model 3,2020-12-11T16:40:20Z,UC96MGGyxaZZQ6aFKSVMHIew,27175,533.0,118,0,0,valid
282,VIuGaDwZF24,Erste Fahrt im Elektro-Tiguan - Der VW ID.4 auf Testfahrt!,2020-12-11T12:00:09Z,UCJrXOOtvmGn4CF7aYaJwuHA,207074,1294.0,313,0,0,valid
283,0CHUS25B9fY,"Fiat 500 Elektro (2020): Design, Reichweite, Preise | ADAC",2020-12-11T10:24:30Z,UCJTQxEGVqCFsBuHUyxgaVqQ,56913,291.0,31,0,0,comment threshold
284,qimMq2BwUDo,Suda SA01 ist angekommen Elektroauto mit 40 kWh alle Farben verf√ºgbar! Suda EV Henan,2020-12-11T19:15:01Z,UCyvq3EnZclE0Cp3R4CC9AUQ,693,35.0,12,0,0,comment threshold
285,k9iCBZ9hqwY,VW ID.4 77kWh - Der Todessto√ü f√ºr den Verbrenner - oder Fail?,2020-12-11T11:59:53Z,UCiZnK4X73okItJqaCs2YDOQ,674086,12661.0,2035,0,0,valid
286,pjJfaB-hnrU,VW ID.4 im Fahrbericht: Besser als Tesla Model Y? ‚Äì Bloch erkl√§rt #123 (Review) | auto motor & sport,2020-12-11T12:00:16Z,UCLINPbYQ9sy6qc-TqtBeVnw,536494,7230.0,2098,0,0,valid
287,nohEZ77JTHI,"Das ist der NEUE 2021 Suzuki Swace Hybrid - Review, Fahrbericht, Test",2020-12-11T08:00:09Z,UCJZhnAf6ICDRGv2eEKzXBGA,19292,322.0,89,0,0,valid
288,wZN7NkArqpU,VW ID.4 1st - Erster Fahreindruck vom Elektro SUV,2020-12-11T12:00:30Z,UCoJ9ql-WffntQ5Pa8SdkllA,26058,1206.0,234,0,0,valid
289,P3HG7Q2eJqM,VW ID.4 - Elektrischer Superstar,2020-12-11T16:14:44Z,UCj77oPPiuJ_hYJFoQvx6Ikg,5573,33.0,8,0,0,comment threshold
290,KhqivVn1Hg8,"VW ID.4 Test & Fahrbericht: Details zu Rekuperation, Fahrdynamik, Laden, Allrad & Kofferraum üéÑ",2020-12-11T12:00:14Z,UCkAFFNmA-84zGIi-WTBZ4cg,25849,390.0,74,0,0,valid
291,3pgIGu1pSxA,Ford Transit Custom Plug-in-Hybrid | EV-Fahrmodi | Ford Deutschland,2020-12-11T14:08:11Z,UCOHrCdVYpZUxDqtu58aaeSw,981,3.0,1,0,0,comment threshold
292,1ujVIPSTJPs,"2021 Dacia Sandero Stepway TCe 90 CVT: Test, Review, Fahrbericht",2020-12-11T16:00:11Z,UCUKYv9dpFAbuLNWIgxuQQBA,305532,2815.0,431,0,0,Topic
293,BuNkOPLuKFQ,Wie man einen Pappe-Traktor mit Anh√§nger macht,2020-12-11T13:55:52Z,UCKTxEWvaNcCJP4lH8lsJdPg,40975,1161.0,39,0,0,comment threshold
294,V0eiGV9th4c,Ich will ein Elektroauto/7 Der 2021'er AiwaysU5 Probefahrt und Fazit,2020-12-12T13:20:08Z,UCVUBc0WF5X-w3T8s6Wyx-jw,175744,509.0,81,0,0,valid
295,49wLk95h5UU,‚ö†Ô∏è ELEKTROAUTO zuhause LADEN: Warum du KEINEN Schukostecker nutzen solltest!,2020-12-12T15:00:00Z,UCUYT5ThWuRNWAbV0nul7EGQ,36944,464.0,116,0,0,valid
296,Q1NWAhGyqlQ,Audi Q6 e-tron (2022): Skizze - Neuvorstellung - SUV - Elektro - Info,2020-12-12T04:30:00Z,UCJrXOOtvmGn4CF7aYaJwuHA,44364,395.0,38,0,0,comment threshold
297,mJJbqQK8RYQ,"2021 Dacia Sandero Stepway - Achtung Kleinwagen, jetzt kommt Dacia! Test / Review",2020-12-12T08:00:12Z,UCETmLeBpDeXIFyNbRV_Kblg,171696,1624.0,395,0,0,Topic
298,82bVRPL0g48,"2020 Mercedes-Benz CLA 250e Shooting Brake (X118) - Kaufberatung, Test deutsch, Review, Fahrbericht",2020-12-12T13:04:29Z,UCAXLYcPBW3AJ52ZAhinOyFQ,65630,960.0,246,0,0,Topic
299,-Bzm1tqKRuo,Podcast √úberholspur Elektroauto - Gast Arnie Kr√∂ger,2020-12-12T19:59:17Z,UClpk5JGRsh4sd_6OXB6fnTA,60,3.0,2,0,0,comment threshold
300,UzK_LersEUU,ROTCHROM MATT!! Wir haben neue Farben | Mercedes GLK,2020-12-12T11:00:08Z,UCqzPkWgLoNrsGjvnelrxy7Q,36153,1286.0,324,0,0,Topic
301,ktl2QKI_JoM,"Verluste einer Photovoltaikanlage, die wenige kennen",2020-12-12T17:53:58Z,UCxRAKvRih51mqk76jFzRbrQ,13039,633.0,67,0,0,Topic
302,uTKF9_hGKps,VW ID.4 - Winterreichweite 130 & 160km/h + Ladespeed + Kosten!,2020-12-12T15:00:14Z,UCiZnK4X73okItJqaCs2YDOQ,205208,6380.0,1045,0,0,valid
303,eWyW3KGBG6U,2021 Dacia Sandero Stepway LPG - Crossover mit Autogas-Antrieb - Konkurrenz f√ºr den Renault Clio?,2020-12-12T09:59:32Z,UCEIpQSFT56hXhH2SEwuqX4Q,172341,1930.0,339,0,0,Topic
304,UExVMrVcVPg,Galileo-Test: Wie gut sind Mini E-Autos? | Galileo | Prosieben,2020-12-13T17:30:04Z,UC1XrG1M_hw8103zO2x-oivg,188357,3233.0,642,0,0,valid
305,RgyFQPl5RRc,"Endlich E-Autos von Toyota, VW ID.3 komplette Software, Tesla fehlen Mitarbeiter, Elektro-Traktor",2020-12-13T05:00:04Z,UCBc0Mghy-6jhMXs3T7DluMg,27767,1027.0,200,0,0,valid
306,8nPhx-WKKCA,Citroen e-C4 im Test (2021) Was kann das Elektro-SUV ab 25.000‚Ç¨?ü§î Fahrbericht | Review | Reichweite,2020-12-13T12:51:11Z,UCy9Y4en2y1eR1zwcmFkRMzg,48433,593.0,91,0,0,valid
307,PPEL-BNefDA,Tesla Model 3 in der Fahrschule - F√ºhrerschein im Schlaf dank Elektroauto,2020-12-13T07:00:07Z,UCqQGYPEU7DiNA6bUUmehb8g,4263,436.0,92,0,0,valid
308,fEz-BctSSxQ,Suda SA01 erste Eindr√ºcke vom Elektroauto aus China,2020-12-13T20:58:06Z,UCyvq3EnZclE0Cp3R4CC9AUQ,1094,23.0,14,0,0,comment threshold
309,CWbDw1MnpPw,VW ID.Beetle (2022): Skizze - Neuvorstellung - Elektro - Info,2020-12-13T04:30:00Z,UCJrXOOtvmGn4CF7aYaJwuHA,56645,751.0,73,0,0,valid
310,VegsvC1xEtA,Auto des Jahres! Die besten Fahrzeuge im Jahr 2020 [4K] - Autophorie,2020-12-13T17:00:08Z,UCllHFziN2zWOQ2yvbejyH0A,32215,743.0,150,0,0,Topic
311,D8ga14CFFUY,"Das Neue TESLA Model 3 LR (2021) - Fahreindr√ºcke, Reichweite, Verbrauch !",2020-12-13T22:08:35Z,UCasePAQ_q7tbUGybICCj4NQ,107682,1468.0,289,0,0,valid
312,Qs7zCQ30VKs,VW ID.3 fordert den Hyundai Kona zum Autobahn-Battle in Vollpower,2020-12-13T19:26:45Z,UCev8ERhEE652NjUgGlPEOlQ,28366,306.0,172,0,0,valid
313,pCTN_NoeI1s,Unterwegs im Citroen e-C4 (2021) üîãüîå Meine Meinung zum Elektro-SUV! ü§î Fahrbericht | Review | Test,2020-12-13T13:46:33Z,UCamMBEqTJMSryd0Z7Cf8UTQ,9923,168.0,14,0,0,comment threshold
314,RLcZdCkTYH8,Wie sicher ist die Frunkhaube? & DRINGENDE INFOS,2020-12-13T08:00:05Z,UCBCT7EV5YrNLPvrhXYTHJuw,3418,311.0,98,0,0,Topic
315,wVowDCbs7Is,TESTPLAN und Kamera-Setup f√ºr HUD mit AR in Version 0783 vom VW ID.3 | deer e-Carsharing,2020-12-13T09:30:07Z,UCHeWtVw_wNCUZkzc5wif2FQ,3572,140.0,30,0,0,comment threshold
316,LdqUD3XwzME,So wird ein Tesla Model 3 Performance winterfest | Winterreifen | Skitr√§ger | Snowboard | Dachgep√§ck,2020-12-13T11:00:13Z,UCwWywgs5YJsI0gMgjdecpYA,750,18.0,11,0,0,comment threshold
317,yVFhkzFgHMg,Lamborghini Si√°n FKP 37 von Lego Technic: Ist er sein Geld wert? - Bloch spielt #11|auto motor sport,2020-12-13T08:00:14Z,UCLINPbYQ9sy6qc-TqtBeVnw,42962,1007.0,326,0,0,Topic
318,_bA0Z7ZUDfM,Roadtrip - ist Urlaub mit dem Elektroauto auf der Insel Usedom & Umgebung m√∂glich?,2020-12-14T08:30:02Z,UCuPH6ouleIo8IhmZy65m4pA,1729,106.0,36,0,0,comment threshold
319,oNbmufTpUcM,Der neue Dacia Sandero: Verwendung des eCall (automatischer Notruf),2020-12-14T13:28:44Z,UCo4_GlwJkW2izwYDuE__OHQ,6677,81.0,1,0,0,comment threshold
320,ePoxMorSKtQ,"Z√§hlerschrank & Verteilerschrank im KNX Smarthome| W√§rmepumpe, PV-Anlage, Schaltschrank Aufbau, MDT",2020-12-14T16:54:27Z,UCKdAAMnVR9-ih2Ovx8jODFg,42688,874.0,125,0,0,Topic
321,mN2sH1fyNEk,TEIL2: BMW i3 - 100% Mehrverbrauch im Winter? Eine Analyse der Nebenverbraucher.,2020-12-14T17:34:01Z,UCPcDt-Td-gfYHqrfao0HpWg,893,50.0,10,0,0,comment threshold
322,22aPACwHhX8,Ford Mustang Mach-E (2020) | Wie viel Spa√ü macht das Elektro-Pony? | Erste Fahrt mit Thomas Geiger,2020-12-15T11:00:01Z,UCJrXOOtvmGn4CF7aYaJwuHA,124212,944.0,249,0,0,valid
323,0tPiRF7mjQ4,GRIP-Elektro-Check | VW ID.3 | GRIP Elektro,2020-12-15T13:02:39Z,UCwjxya3zbM2yadFag9WlbYg,214199,3068.0,738,0,0,valid
324,DiG7pV5A-F0,"Was man √ºber Elektroautos wissen muss: 2 Jahre, √ºber 50.000 Kilometer, 17 Elektroautos, ein Unfall!",2020-12-15T06:00:01Z,UCsNdsFTTBj5jcRJSWeJ8-Xg,34584,716.0,195,0,0,valid
325,RqJyNtppdAE,SUV ALLSTAR f√ºr Kinder - Mercedes GLS63 AMG Kinder Elektroauto - Allrad & Ledersitze | Miweba,2020-12-15T16:30:07Z,UCaVeTCegWtMDRjUDYLGu6lg,645,5.0,2,0,0,comment threshold
326,7YVHFmq2pJE,140+ Km/h RC AUTO MEGA BURNOUT und DRIFTEN (Reifen qualmen) | Carson tuning von 74  auf 100+ Km/h!,2020-12-15T14:15:01Z,UCPFhnt7T8iaBLp1wIfFRzFw,254833,14366.0,414,0,0,valid
327,wJ_g5jWE2xY,NEUES FACELIFT: Tesla Model 3 - REFRESH im Vergleich zum Alten!,2020-12-15T17:00:15Z,UC7gqKyCHYENWESm3mGcJO5A,34160,1158.0,127,0,0,valid
328,aCzA-PRvKlc,VW ID.4 1st Max (77 kWh): Reichweite |¬†Laden |¬†Fahrspa√ü |¬†Platz - √úberzeugt er? TALK!,2020-12-15T15:30:01Z,UCzJRFZ6bPilw1W5_l9DKetw,12608,108.0,76,0,0,valid
329,FBiSMiYkDKE,Tachovideo Renault ZOE R135 Z.E. 50 0-100 kmh kph 0-60 mph Beschleunigung Acceleration,2020-12-15T16:07:25Z,UCsLOtn32074H9Qxy7gjr2LQ,12337,120.0,7,0,0,comment threshold
330,qJzoBKu6w1Y,Bester Hochdachkombi f√ºr Familien und Handwerker? VW Caddy 2021 im Check | Motorvision,2020-12-15T15:00:33Z,UCrPoTKfvNvJhG1Ngf6jHB1w,28548,129.0,33,0,0,comment threshold
331,5_v1S8j7fVM,Kein Anlass(er) zur Freude! K√∂nnen wir den T5-Starter retten? | Wieder haufenweise AGR-Kohle!,2020-12-15T09:54:30Z,UCcnmNzv0yEEYPM6Oa86unhQ,231472,14135.0,1014,0,0,Topic
332,_bRp1u9bCQI,E-Auto Reifen - Sicherheit kostet Reichweite,2020-12-16T05:00:08Z,UCBc0Mghy-6jhMXs3T7DluMg,11784,765.0,111,0,0,valid
333,ZVc182iQQoM,Elektroauto laden f√ºr ALLE! So klappts zuhause und unterwegs | E-Auto laden | Ladenetz | Wallbox,2020-12-16T11:38:44Z,UC7yqj2im3lMTCEgAfLlu2XQ,3291,82.0,9,0,0,comment threshold
334,El5aq-uZMqI,Elektroauto laden  Wie und wo? Erfahrungen - Apps,2020-12-16T20:12:13Z,UCGoI004ZXiUb1NmY3zXBWTw,1039,29.0,4,0,0,comment threshold
335,DiEd5h0lh0c,"2021 Suzuki Across: Zwilling des Toyota RAV4 Plug-in Hybrid im Test, Fahrbericht, Review",2020-12-16T16:00:11Z,UCUKYv9dpFAbuLNWIgxuQQBA,103538,631.0,125,0,0,valid
336,gdv2HoyOr7g,LS19 - Ebsdorfer Heide #036 | Wieviel schafft mein ELEKTROAUTO im Winter? | FS19 | Let's Play [HD],2020-12-16T17:00:31Z,UCFgWfli-SuAV7pHBe1Hvh8Q,11676,829.0,13,0,0,comment threshold
337,yM6lgANjXpg,Der E-Wolf #761 - EnBW er√∂ffnet Flagship Ladepark,2020-12-16T05:30:02Z,UCUh8zvuZWNoIur4Cv-3fUzw,469,43.0,4,0,0,comment threshold
338,UUU-8c5jwlY,VW ID.3 - Wirklich der bessere eGolf? 300km Autobahnvergleich,2020-12-16T17:00:11Z,UCoJ9ql-WffntQ5Pa8SdkllA,20873,924.0,264,0,0,valid
339,g9nAndtLI1o,PRIOR-Design | Ein Renault Twizy f√ºr Carmen Geiss,2020-12-16T12:00:11Z,UCNRCIF2oLyE5PiM6NL52WPg,29833,863.0,71,0,0,valid
340,VBETFPygtvA,Tesla Model 3 SR+ MIC LFP Winterreifen aufziehen,2020-12-16T18:19:53Z,UC4jlxSJSd4Sha7AkroyE_CA,1778,37.0,12,0,0,comment threshold
341,T4eiLbRI_LA,Der Ford Kuga Hybrid | Vollhybrid | Ford Austria,2020-12-16T14:37:49Z,UCOs-HQDG3kC7GH4TNBdX0lQ,15108,17.0,3,0,0,comment threshold
342,B4B8TLeJqv4,Model 3 Facelift: NEUE Windschutzscheibe -  Kosten und Service | Tesla Model 3 2021 Facelift,2020-12-16T19:09:51Z,UCE9682Zb5FaMPwnPK34MJ0Q,1154,56.0,6,0,0,comment threshold
343,TgdqJ7irgB4,BASIC AUTOMOTIVE ELECTRICAL DIAGNOSIS PART 1,2020-12-16T00:40:44Z,UCuJ5b8iBWgbfgZgG8lYeA0w,50582,1284.0,74,0,0,Topic
344,x-KNv_5VwnY,FINAL ME2 0783: KONFIGURATION durchgeklickt - Was ist NEU? | VW ID.3 UPDATE | PRAXISTEST,2020-12-16T09:30:10Z,UCHeWtVw_wNCUZkzc5wif2FQ,7925,209.0,42,0,0,comment threshold
345,Pix31IQMSiw,Suda SA01 erste Eindr√ºcke Elektroauto Limousine 40 kWh,2020-12-17T16:36:26Z,UCogPyel5zmcX7dRP88vY9lA,2159,25.0,21,0,0,comment threshold
346,HCgrQPO5piY,"VW e Up - ""Billig Elektroauto"" im check - was taugt der Volkselektrowagen ?!",2020-12-17T08:30:01Z,UCuPH6ouleIo8IhmZy65m4pA,15262,365.0,115,0,0,valid
347,aWyz1Zge2h8,ELEKTROAUTO Ladekabel Typ 2 Kaufempfehlung? ELECTRIC-WAYS bis 22KW Ladeleistung | Spiralkabel E-Auto,2020-12-17T17:00:00Z,UCUYT5ThWuRNWAbV0nul7EGQ,59820,90.0,24,0,0,comment threshold
348,HArrJkTTpAo,2021 Renault Kangoo Z.E. -  kommt der Mercedes-Benz Citan auch elektrisch als T-Klasse?,2020-12-17T08:35:31Z,UCxmohYAjhc2qD5pYIOwQ3bA,12124,94.0,29,0,0,comment threshold
349,iKZIJE5Hrgk,Audi A3 Sportback 40 TFSI e (2020): Was bringt der E-Motor? - Fahrbericht/Review Iauto motor & sport,2020-12-17T15:00:15Z,UCLINPbYQ9sy6qc-TqtBeVnw,94690,785.0,239,0,0,valid
350,NAXVQivep1s,Range Rover Evoque Plug In 2021. Roomtour + Test. Das Elektro Auto von Range Rover.,2020-12-17T20:31:59Z,UCX1oID0GF9NKfDvB4j0l2-Q,7044,32.0,2,0,0,comment threshold
351,P4P90WCmqfE,Nissan Juke 2020 | Ausstattungsvarianten des spritzigen SUV,2020-12-17T15:51:36Z,UCBTJnSirNI8kwOn5ROB_BGA,4654,56.0,20,0,0,comment threshold
352,I_OfZCe9T2U,Das soll die ZUKUNFT sein? Phil f√§hrt Smart Fortwo Electric drive,2020-12-17T18:25:46Z,UCOdWbjhGIYdz8M6EUw4-M8g,46767,3969.0,385,0,0,valid
353,FBe8i6DTCxM,Reichweiten H√§rtetest mit dem Polestar 2 - Autobahn-Vergleich gegen Tesla Model 3,2020-12-17T15:30:00Z,UCd5Jpd5473VPhNjdWMUP6tw,24336,1069.0,261,0,0,valid
354,wMNQ76ZuHvY,Fiat 500e im Ecario-Test: DER √§ndert ALLES üíöab 14.500 Euro nach E-Auto F√∂rderung in DE!,2020-12-17T15:59:23Z,UC96MGGyxaZZQ6aFKSVMHIew,35871,596.0,63,0,0,valid
355,tPWetwbiQfQ,Elektroauto laden: Wie geht das? Lades√§ule benutzen,2020-12-18T10:15:07Z,UCwQmqAG_8YlgakD8Dj0DZ4w,96176,1572.0,275,0,0,valid
356,zcy9wsJhcrw,[Qualit√§t Check] Renault Zo√© - Wie gut ist das meistverkaufte Elektroauto Europas?,2020-12-18T17:30:03Z,UCoJ9ql-WffntQ5Pa8SdkllA,20269,737.0,86,0,0,valid
357,-wc0mQNJfnk,"Mit dem Taxi, √§hm, Kona nach Paris, ektrisch fahren, Elektroauto, Kona nach Paris",2020-12-18T08:14:30Z,UCasnM1RhRpuuqhjw3FoybBA,252,7.0,2,0,0,comment threshold
358,deVQE8XqrAk,In 220 Sekunden zur BAFA-F√∂rderung f√ºr E-Autos: Schritt f√ºr Schritt zum Umweltbonus,2020-12-18T17:35:45Z,UCl0ie9yHIu78ax3I-Un34Lw,8238,42.0,8,0,0,comment threshold
359,BPs2xMcefKw,"VW ID.4 (2020): Design, Reichweite, Preise | ADAC",2020-12-18T09:30:01Z,UCJTQxEGVqCFsBuHUyxgaVqQ,32442,182.0,35,0,0,comment threshold
360,3zWjcap1loU,Warum wir unser Tesla Model S verkaufen.,2020-12-18T16:55:31Z,UCqtBzOjVW0aLVZHaRYu7dpQ,83657,1658.0,225,0,0,valid
361,y2RkMk4WBmQ,Best of Opel 2020: Neue √Ñra. Neues Markengesicht. Neues Erscheinungsbild.,2020-12-18T17:41:04Z,UCqfVsQU6942FMs3BiZM5qfg,14386,113.0,20,0,0,comment threshold
362,VVPaxN0LDOM,Warning: Tesla is coming! Gefahr f√ºr den S&P500?,2020-12-18T11:04:15Z,UCwJI35C9xWQE4W1OIewi_8w,7018,347.0,62,0,0,Topic
363,MQdtorj24M0,Haustour: Musterhaus Life mit Photovoltaik-Anlage und Speicher von Fertighaus Weiss | Hausbau Helden,2020-12-18T18:00:05Z,UCNOa1BrVMqRnHZrw-5HRHJg,206909,2230.0,208,0,0,Topic
364,RI3LStXF-fU,Weihnachtsbotschaft 2020 | Viessmann,2020-12-18T07:00:04Z,UCzZaosvoFdpKe7BgWvN2abA,5194,93.0,2,0,0,comment threshold
365,HmnfanV5Aq8,VW ID 3 statt Tesla Model 3 - Unser erstes Elektroauto: Vor und Nachteile von VW's Elektroauto (4K),2020-12-19T10:21:56Z,UC0ft_Y8ijB7zGNxfz-VS88A,27426,1026.0,398,0,0,valid
366,pOrsAmVPsAo,Kaufberatung: Welches Elektroauto muss man 2021 kaufen? Die Favoriten der jeweiligen Fahrzeugklassen,2020-12-19T06:00:15Z,UCsNdsFTTBj5jcRJSWeJ8-Xg,11233,509.0,199,0,0,valid
367,F_vmBQwp_ak,Gef√§hrlicher Elektroauto Brand: Technische Herausforderung f√ºr die Feuerwehr | LS17,2020-12-19T17:00:12Z,UCV8RJHSEdJTNm0BgMwPFxHg,5859,232.0,11,0,0,comment threshold
368,8ecyHsk3Tr4,Bestes Pferd im Stall? - Die 7 wichtigsten Fakten zum Ford Mustang Mach-E | auto motor und sport,2020-12-19T08:00:02Z,UCLINPbYQ9sy6qc-TqtBeVnw,62391,1218.0,329,0,0,valid
369,udj98p3_k8U,MIT 200 KM/H √úBER EIN LOCH FAHREN?! - BeamNG (Deutsch/HD),2020-12-19T12:44:44Z,UCdo4IIRJlEaln7ZHZHzFNIw,606790,14930.0,516,0,0,Topic
370,79mh8b1fTPw,VW ID.4 besser als gedacht - Endlich hat Volkswagen ein erwachsenes Elektroauto im Angebot,2020-12-20T07:00:01Z,UCqQGYPEU7DiNA6bUUmehb8g,20661,788.0,325,0,0,valid
371,42aqmMwYGd0,Renault Twingo ZE 2021 - KAUFEN solange es NOCH geht!!,2020-12-20T09:00:01Z,UCiZnK4X73okItJqaCs2YDOQ,200253,5551.0,872,0,0,valid
372,wwTIAzbnWZE,"IRRER Kleinwagen | Horny Polski Scrapmetal Fiat 126 Projekt | Sourkrauts I (en,po,fr,es subtitels)",2020-12-20T09:00:15Z,UCUjGsR1gD-lumbiUofZq6nQ,116844,3141.0,218,0,0,Topic
373,oFmnA0OZ7D0,Langstrecke mit dem Smart EQ? Schafft der das?,2020-12-20T13:31:48Z,UCMwYZ6fDVXakCVN1-x34bkg,14540,278.0,33,0,0,comment threshold
374,-IdlIBZdn_o,Rettungskarte Renault Zoe 2 2020 R110 | Worum geht es - was kannst du tun?,2020-12-20T09:00:00Z,UCyw3E91jaNVEPqirEyhMRRw,915,55.0,24,0,0,comment threshold
375,rA18MIM0-UM,VW eGolf Abholung in der Autostadt| Dezember 2020 | Unser 1. Elektroauto | + 400KM R√ºcktour,2020-12-21T19:35:19Z,UCh4NbermI6HLNA4vO-tkNqA,6368,113.0,16,0,0,comment threshold
376,CKedLZaQxAw,Ist jetzt der beste Zeitpunkt f√ºr ein ELEKTROAUTO? - E-Mobilit√§t Talk Ende 2020,2020-12-21T12:55:38Z,UCv1lWOyYNSFBmweZ2uLYAtA,124,11.0,1,0,0,comment threshold
377,ncPQVonuzqY,Elon Musk twittert: √ñffnet TESLA das SUPERCHARGER-Netz f√ºr weitere Elektroauto-Hersteller?,2020-12-21T19:42:05Z,UCsNdsFTTBj5jcRJSWeJ8-Xg,10543,710.0,290,0,0,valid
378,42g0lq_FD7o,Fiat 500eüéØ1000km Challenge Zusammenfassung,2020-12-21T23:35:09Z,UCev8ERhEE652NjUgGlPEOlQ,23989,420.0,112,0,0,valid
379,iZkJROj9tbg,Bio-Hybrid DUO: Jetzt einsteigen! / Get on board now!,2020-12-21T10:36:00Z,UC-9t9c2i1tU9o1JU3-hQ0kw,167927,90.0,31,0,0,comment threshold
380,IEunV4GB1uY,Skoda Kamiq: Geh√∂rt der Kleine zu den ganz Gro√üen? - Test/Review | auto motor und sport,2020-12-21T15:00:16Z,UCLINPbYQ9sy6qc-TqtBeVnw,124262,946.0,232,0,0,Topic
381,kjQIfG_Ftek,Mit der KEBA-Wallbox ohne Kompromisse laden,2020-12-21T11:02:09Z,UCyP6nnOnpk_IT5NSnpdxIOQ,5220,46.0,5,0,0,comment threshold
382,27Ck30NwodU,Elektroauto Ladetaktik: Langstrecke ohne Zeitverlust fahren | E-Auto | Autobahn Schnellader | Urlaub,2020-12-22T08:02:34Z,UC7yqj2im3lMTCEgAfLlu2XQ,4364,70.0,18,0,0,comment threshold
383,0cdY8datLoQ,Mein NEUES Elektroauto üöô‚ö°Ô∏è Abholen! - touchbenny,2020-12-22T10:00:10Z,UCtyPin2V0CzfzZXRl6BVNgQ,4016,134.0,59,0,0,valid
384,AI_pJA67LFM,Kabinenroller ElektroBest.de ElektroAuto Jinma 25-45km/h Modell J2,2020-12-22T12:36:34Z,UCLhLyfjtGhk15uIWawvJ5pQ,2204,16.0,2,0,0,comment threshold
385,_YUv3nvX0PI,eClassics - einzigartige und hochwertige Elektroauto Umbau Unikate   Kalender 2021,2020-12-22T21:08:11Z,UCur9ZidOLq-BNqPsPDNYl3g,265,9.0,1,0,0,comment threshold
386,LTnJswCFbaU,Reichweitenangst? Objekt 73274 mit der Zo√©,2020-12-22T17:30:01Z,UCoxcpJvQe0bRYZXLtCpWpGg,399,5.0,7,0,0,comment threshold
387,gl7_40gTRlM,Neuer Hyundai Tucson (2021) Hybrid im Test | CSB Schimmel Automobile,2020-12-22T17:10:17Z,UC2vfkFLsmJEsHUuYkFp7UHA,67412,284.0,23,0,0,comment threshold
388,uRjEOOwU4FA,"BioNTech, Apple und Nel ASA - die meistgehandelten Aktien des Tages",2020-12-22T14:55:12Z,UC62IIFhchBWQxLPSyUatD-A,7492,134.0,16,0,0,comment threshold
389,XmgfyXvp49U,Achtung! Hybrid auf der B√ºhne! üö®‚ö°Ô∏è Passat-Gelenk ausgeschlagen & Golf IV mit heftigen Vibrationen!,2020-12-22T09:05:07Z,UCcnmNzv0yEEYPM6Oa86unhQ,475850,18219.0,1456,0,0,Topic
390,Xm8LAEA7Gy8,Photoeffekt - Gegenfeldmethode,2020-12-22T10:28:49Z,UCmAqum7bja6EvdtD7uOiALQ,8139,252.0,19,0,0,comment threshold
391,PMmdhkpgPJ8,Top oder Flop? Der VW ID.3 im Elektroauto-Supertest - Bloch erkl√§rt #125 | auto motor und sport,2020-12-23T15:00:09Z,UCLINPbYQ9sy6qc-TqtBeVnw,493437,7580.0,1803,0,0,valid
392,anyZ-06S4a4,"Endlich da: Unser neues Elektroauto - Warum Renault ZOE und kein Peugeot e208, ID3 oder Honda e?",2020-12-23T14:30:01Z,UCd5Jpd5473VPhNjdWMUP6tw,43203,2060.0,446,0,0,valid
393,KNeVewtHz-o,PERFEKTE LADEKABEL Serie f√ºr dein Elektroauto!,2020-12-23T17:00:05Z,UCUYT5ThWuRNWAbV0nul7EGQ,5173,111.0,55,0,0,valid
394,A5JLZG2wjXM,Lohnt sich ein Elektroauto? || Der Peugeot e2008 im Test || Review || upgefahren.tv,2020-12-23T17:00:09Z,UCLdIJmV6C9kVzLgLgb3QP0A,3114,41.0,12,0,0,comment threshold
395,8VZ_8mht_qI,"Mercedes EQV: Riesen Akku, riesen Innenraum - DAS FAMILIENAUTO?",2020-12-23T16:00:02Z,UCiZnK4X73okItJqaCs2YDOQ,189447,5969.0,998,0,0,valid
396,os5GrueUPJA,"Erster TESLA Model 3 ""Refresh"" ROADTRIP - Vollgas auf der Autobahn",2020-12-23T17:00:19Z,UC7gqKyCHYENWESm3mGcJO5A,30008,1026.0,123,0,0,valid
397,A3U2vLaXHwk,Erster Test: Dacia Sandero und Sandero Stepway 2021,2020-12-23T14:55:32Z,UCnikDukSJjN6IcrzZll6Dsg,48163,578.0,72,0,0,Topic
398,4f6E9KglDWk,"BEV vs Brennstoffzelle, Sion keine Videos mehr? | Senior 4.0",2020-12-23T16:00:02Z,UCAblBwXRB4ADjFinyhaRMCQ,812,85.0,105,0,0,valid
399,AOicuf4HOME,Holger kauft sich ein Elektroauto!! | Werkstatt verhunzt Gl√ºhkerzenwechsel und bel√ºgt den Kunden! üò°,2020-12-25T08:09:11Z,UCcnmNzv0yEEYPM6Oa86unhQ,562125,19262.0,3691,0,0,valid
400,oA9r3YpfgpQ,Elektroautos aus China: Die meistverkauften Elektroautos in China 2020,2020-12-25T12:46:21Z,UCYIvpmPAf3gz2gmNP-rN_pw,3868,31.0,5,0,0,comment threshold
401,lwdB6pYeKxc,Willkommen bei Suda Elektroauto de Vorstellung,2020-12-25T19:42:35Z,UCyvq3EnZclE0Cp3R4CC9AUQ,442,22.0,9,0,0,comment threshold
402,ah4xLyEvcTs,Ford Kuga Titanium Plug In Hybrid 2021. Sorg - einer der gr√∂√üten Ford H√§ndler Europas.,2020-12-25T15:50:45Z,UCX1oID0GF9NKfDvB4j0l2-Q,33963,155.0,21,0,0,comment threshold
403,MU4nh-W7-S4,Top 10 Autos des Jahres 2020 | BLECH REDEN,2020-12-25T16:00:14Z,UCutQkZpAs9xG0KaooZlnuTw,8926,560.0,49,0,0,comment threshold
404,3tkrc44zghQ,"Tesla Model 3 Performance 2021 Umbau: Fahrwerk, Innenraum, Au√üenfarbe...?! üòØ | Tesla Tuning #1",2020-12-25T09:00:01Z,UCmLo7ab5A3vnzPyiZH3y7nw,51469,2677.0,421,0,0,valid
405,L7szwvE6qRI,DIE BESTEN ELEKTROAUTOS 2021 üëâ Unsere Empfehlungen,2020-12-26T16:14:01Z,UC96MGGyxaZZQ6aFKSVMHIew,36187,1034.0,168,0,0,valid
406,Fu_AZ2gX9Z4,Welche Elektroauto-Ladetarife sind im Jahr 2021 empfehlenswert? Was man √ºber das Laden wissen muss!,2020-12-26T06:00:01Z,UCsNdsFTTBj5jcRJSWeJ8-Xg,16717,798.0,210,0,0,valid
407,ASTthMyNN-M,"DIESEL Fahrer 2000km im ELEKTRO: ""Pausen teils zum AUSRASTEN""",2020-12-26T10:00:16Z,UCiZnK4X73okItJqaCs2YDOQ,107330,3952.0,1192,0,0,valid
408,Pdf6TUvNKvY,Opel Corsa-e gegen Tesla Model 3 Verbrauchsfahrt,2020-12-26T22:59:42Z,UCCASgiJWmPCT8BXUGRegeWA,1232,53.0,21,0,0,comment threshold
409,SifvUjnGBq0,1000‚Ç¨ RC AUTO fliegt 9 METER in die LUFT üò±! - √úberlebt es den AUFPRALL? (Skatepark STUNT EXTREM!),2020-12-26T08:50:27Z,UCPFhnt7T8iaBLp1wIfFRzFw,473792,33950.0,674,0,0,Topic
410,rmS8I9w_zic,Eigenes Spielzeug erfinden + Patent | Selbstexperiment,2020-12-26T14:36:33Z,UCzidBg7JPR53EP5B5x65jpA,1910120,91765.0,4701,0,0,Topic
411,Hs1gi6czLZA,Der autarke Wohnwagen #12 - Funkenflug - in den Akku geschnitten!,2020-12-26T17:00:11Z,UCdPCrCxcLyL7DQGo3P6ZfUA,38101,737.0,87,0,0,Topic
412,UjYpdf3VDu0,Trike Transporter im Einsatz 12 2020,2020-12-26T13:59:17Z,UCjVgQB2eFXmkTStdLk4uLfw,3073,19.0,1,0,0,comment threshold
413,zPBPge9D37k,Mein erstes Elektroauto - ZOE - DAS will keiner sehen,2020-12-27T20:49:31Z,UCTX24o6KCQKuBnXuJnEU8lg,78259,1837.0,790,0,0,valid
414,9STjcXd9Nro,Elektroauto Apps am Beispiel der My Peugeot App,2020-12-27T19:13:13Z,UCqSsh5RsLOZAsB0kFepR7jA,6248,104.0,29,0,0,comment threshold
415,JvZLQHDjKwA,Hyundai Kona Elektro Facelift 2021 | Preview zum E-Auto SUV,2020-12-27T19:10:01Z,UCBTJnSirNI8kwOn5ROB_BGA,2717,66.0,13,0,0,comment threshold
416,j2F8xmlUnII,Opel Corsa-e Test (Corsa Elektro - 100 kW/136 PS) - Fahrbericht - Review - Reichweite - Langstrecke,2020-12-27T16:15:01Z,UCUCEl59uGbYHn0njH5h1O2Q,13820,317.0,68,0,0,valid
417,MIfGe5qieVU,"Live B.E.N Sp√§tschoppen: 1 Kilowattstunde so teuer wie Diesel! Ioniq 5, VW erkl√§rt sich üòÄ",2020-12-27T21:32:28Z,UCsNdsFTTBj5jcRJSWeJ8-Xg,5749,452.0,45,0,0,comment threshold
418,cANp8EYuRVk,Der sonnige Kleinwagen wird rein elektrisch ‚Äì Der Fiat 500e,2020-12-27T18:10:24Z,UC2xJQ4GUV9zVrAaYinVmpdQ,4256,52.0,8,0,0,comment threshold
419,w5IL-QhTo4M,Raus aus dem Einheitsbrei - Mein ID.3 wird foliert,2020-12-27T17:00:17Z,UCoJ9ql-WffntQ5Pa8SdkllA,16400,936.0,226,0,0,valid
420,Eho7Lcqet6o,Lade und Fahreindr√ºcke mit neuer Version 2020.48.26 üòú Facelift 2021 Tesla Model 3 (2) üßê,2020-12-27T14:38:36Z,UCpcjT919sABNeeMsHfiD9Dg,581,15.0,4,0,0,comment threshold
421,8e6Hz8A-Qa0,"Ford Mustang Mach E: Vorn ein Rennpferd, innen Familienkutsche",2020-12-27T08:51:30Z,UC6hv0QC9E5-bcUxc3rBGOOQ,56993,953.0,199,0,0,valid
422,GTgLxmw4_sQ,Nissan Ariya (2021) | Der neue VW ID.4-Konkurrent aus Japan | Im Check mit Katharina Berndt,2020-12-28T04:30:01Z,UCJrXOOtvmGn4CF7aYaJwuHA,40631,489.0,84,0,0,valid
423,hGKZm5A1QgA,Roadtrip - ist Urlaub mit dem Elektroauto von Barth bis Warnem√ºnde  m√∂glich?,2020-12-28T08:30:03Z,UCuPH6ouleIo8IhmZy65m4pA,1698,111.0,58,0,0,valid
424,C5UxtXnee9w,2021 Citroen e-C4 (136 PS) im Test! üîãüîå Elektro SUV unter 25.000‚Ç¨?! üßê‚ö°Ô∏è Fahrbericht | Review üá´üá∑,2020-12-28T19:20:30Z,UCy9Y4en2y1eR1zwcmFkRMzg,14425,225.0,40,0,0,comment threshold
425,MF8RROIhfyY,Audi e-tron Sportback 55 quattro: Das vollelektrische Schwergewicht im Langstreckentest,2020-12-28T14:21:05Z,UCvKSljIz5MuYz0J7GnpvPHQ,68399,119.0,9,0,0,comment threshold
426,qejnZGTmv14,LEASING-ENDE: Ist R√ºckgabe des ELEKTROAUTOS eine KOSTENFALLE?,2020-12-29T10:37:46Z,UCiZnK4X73okItJqaCs2YDOQ,145125,5172.0,772,0,0,valid
427,QnPToMoh8t0,Kai Ebel bei der Fahrschule im Tesla - F√úHRERSCHEIN im Elektroauto,2020-12-29T17:45:01Z,UC-5ZvAWJbXXMwSdo1Li70cw,13465,851.0,91,0,0,valid
428,kRLLb4OpHkE,Ladekabel Diebstahlsicherung f√ºr Dein Elektroauto,2020-12-29T17:00:39Z,UCFqittvXZxWMkaVK52tuJFg,1361,95.0,18,0,0,comment threshold
429,DMDeatuMLTI,WIE du die richtige Leasing-Dauer f√ºr dich w√§hlst (Achtung Denkfehler!),2020-12-29T09:00:03Z,UCBE4KHslSSQegsWJHU8-2yQ,54451,2318.0,83,0,0,Topic
430,HJMNdJWDI6U,TODESBR√úCKE im selbstgebauten CRAWLER PARK! - Welches RC AUTO bezwingt den Parkour?,2020-12-29T17:15:40Z,UCPFhnt7T8iaBLp1wIfFRzFw,472871,21003.0,617,0,0,Topic
431,sAZzw_fbaaU,Aiways U5 ¬∑ Fahrassistenten ¬∑ Verbrauch,2020-12-29T22:37:10Z,UCtte96HUnVP8CbOsWQnU0UQ,6957,118.0,57,0,0,valid
432,qR1O_CnejVs,Opel Crossland GS-Line 2021 I Innenraum-Check I 130 PS Crossover-SUV,2020-12-29T15:26:51Z,UCDDS670tBxy5dF-XI8VXyXw,9275,129.0,25,0,0,comment threshold
433,49tQE7JGZpg,"Vom Kopfh√∂rer zum Boombox (AVAS) Lautsprecher! üò± - √úberraschendes Ergebnis! | Tips, Tricks & More",2020-12-29T09:00:01Z,UC-s__WrmBUAGRQqeZxcFxlQ,12175,707.0,84,0,0,Topic
434,dy_1mv3dxyw,Der autarke Wohnwagen #13 - Holger gibt das Case in Auftrag!,2020-12-29T17:00:25Z,UCdPCrCxcLyL7DQGo3P6ZfUA,26630,694.0,27,0,0,comment threshold
435,vw956Q95Stw,Verbrauchsfahrt (Trip 1) üßê Tesla Model 3 Performance 2021 (Facelift) Was bringt die W√§rmepumpe? üòå,2020-12-29T18:30:40Z,UCpcjT919sABNeeMsHfiD9Dg,218,11.0,4,0,0,comment threshold
436,Oc6VYCHzTm4,Luxus Meme - Konzept f√ºr Elektroauto von Apple,2020-12-30T17:25:39Z,UCFElmHsTeD9e9VO9RbZxAbA,449,6.0,2,0,0,comment threshold
437,244y9GLnSs0,Renault TWINGO Electric üíö Sympathischer Alltagsheld um 11.000 Euro im Test,2020-12-30T17:24:08Z,UC96MGGyxaZZQ6aFKSVMHIew,15436,397.0,70,0,0,valid
438,5Gr1RRhPInE,"Moin Tesla! #64 - kaputte Akkus, Ladekarten, Smart Charging - neuer Schwung(k) f√ºr Tesla?",2020-12-30T07:00:12Z,UCdPCrCxcLyL7DQGo3P6ZfUA,18170,1212.0,168,0,0,valid
439,HKHzdo7314c,Dacia Lodgy-Nachfolger (2021) | Dieses Modell ersetzt den Lodgy und kommt als Siebensitzer-SUV | Neu,2020-12-30T04:30:04Z,UCJrXOOtvmGn4CF7aYaJwuHA,452176,1566.0,185,0,0,Topic
440,UyEJU6a4zzM,LEGO 41443 Olivias Elektroauto im Electric Drive Fahrbericht Test Review Kaufberatung & Gewinnspiel,2020-12-31T14:00:23Z,UCxmohYAjhc2qD5pYIOwQ3bA,368,29.0,27,0,0,comment threshold
441,exkfZKKrmCc,Was du f√ºr 2021 √ºber Tesla wissen solltest + Prognose Aktie 2030,2020-12-31T17:51:53Z,UCwvgsDC6O0aIEgFCWGoBlxg,1289,41.0,44,0,0,comment threshold
442,Figt6AJRZug,Tesla Update 2020.48.26 - F√ºr mich ein deutlicher R√ºckschritt !!!,2020-12-31T09:17:47Z,UCbe4BpM5-Ta7MIlbKOofTDA,12606,837.0,255,0,0,valid
443,wkqb64Uk8EQ,Jetzt in Wasserstoff-Aktien investieren? Vergleich zum E-Auto!,2020-12-01T07:00:14Z,UC03kRyVQ9JGhwVvUL6_PWQA,377,13.0,8,0,0,comment threshold
444,VDqC2Juhphg,Tesla Aktie vs Nio Aktie - E-Auto Blase oder Chance?,2020-12-01T12:00:24Z,UCUIhpwAR1_QnSVErJirs71w,204,2.0,8,0,0,comment threshold
445,f3pBZtAL4lY,Werbung KIA Sorrento 2020,2020-12-02T08:10:33Z,UCS_UY2rtaQ8qinSpGjAdZHw,13732,112.0,13,0,0,comment threshold
446,7Ele8OTUqPg,Wie klappt der Umstieg auf ein E-Auto?,2020-12-03T19:15:11Z,UCBc0Mghy-6jhMXs3T7DluMg,7578,466.0,57,0,0,valid
447,_ARNTlLIsMg,Tesla Model 3 Performance Reaction/Probefahrt | Das erste mal E-Auto und dann gleich fast 500PS,2020-12-04T10:00:28Z,UCdnqpMwmay8OXed9VatkWcA,538,33.0,12,0,0,comment threshold
448,Mn6S0Ugz-zw,E-Auto Kaufberatung Teil 1: Auf was muss man achten beim E-Auto-Kauf,2020-12-05T15:30:01Z,UCjuUo23G7j4gzl2sHGIjZCw,2451,159.0,82,0,0,valid
449,mX5GOJMjgRk,Algen als Baustoff ‚Äì Fenster ausw√§hlen ‚Äì D√§mmen und F√∂rderung - E-Moblit√§t - Ladestation Zuhause,2020-12-05T18:00:26Z,UCdhgVU1AZFTmiDE-VnmVoiQ,660,10.0,2,0,0,comment threshold
450,GIYImvx5ync,E-Auto-Kaufberatung Teil 2: Die Markt√ºbersicht 20/21 (nicht komplett),2020-12-06T15:30:16Z,UCjuUo23G7j4gzl2sHGIjZCw,1648,111.0,18,0,0,comment threshold
451,MJSjwuJ2TZo,Frust- und Frostfrei durch den Winter mit dem E-Auto,2020-12-07T19:57:05Z,UC52Vg-Q5oAgGzpl-srvTSwQ,959,34.0,5,0,0,comment threshold
452,iSUxTMXhVVE,#iFrickNews 13 - Mein eAuto ist endlich da! Sind iPhones nicht wasserdicht ? AppStore Charts & Slack,2020-12-07T06:00:19Z,UC0ft_Y8ijB7zGNxfz-VS88A,3164,163.0,41,0,0,comment threshold
453,70aVHSwsPLY,Ladeplatz belegt | E-Auto Falschparkerquiz | Danke an Christian üëçüí™ü§ìüëåüôè|,2020-12-08T15:38:55Z,UCf6kkAGiOV_azeGaZ_gKVLQ,425,20.0,15,0,0,comment threshold
454,Fnn9eYCiOU8,2021 Audi A3 Sportback 40 TFSI e (204 PS)üîã Plug-in Hybrid ab 30.000‚Ç¨?ü§Ø Fahrbericht | Review | Test,2020-12-08T19:09:38Z,UCy9Y4en2y1eR1zwcmFkRMzg,41854,336.0,70,0,0,valid
455,sej5aoLxkI4,Audi e-tron GT geht in die Produktion! Santa‚Äôs Schlitten-upgrade 2020,2020-12-10T08:57:16Z,UCi4qpWfRBhzIfFTKnjSqd_A,31262,,17,0,0,comment threshold
456,QDWhVPWE5RE,"VW iD.4 - N√∂tig oder Irrsinn? e-auto, elektropanzer, tiguan, suv, zu gro√ü, zu schwer, zu teuer",2020-12-12T09:30:06Z,UCDoTiV4hevAHTbF__NfuNrg,83,4.0,1,0,0,comment threshold
457,JzJ_R_OSsMQ,Honda e - Tutorial 13 - Bedienungsanleitung Laden des Honda e,2020-12-12T16:30:01Z,UCLvMHyDeqF40ok96u-NQ6sA,3507,17.0,4,0,0,comment threshold
458,E7doIrmiI90,Honda e - Tutorial 11 - Bedienungsanleitung Klimaanlage,2020-12-12T16:30:01Z,UCLvMHyDeqF40ok96u-NQ6sA,515,5.0,2,0,0,comment threshold
459,_jD8utQlRDM,Honda e - Tutorial 10 - Bedienungsanleitung Spezialfeatures des Bordcomputer Displays,2020-12-12T16:15:01Z,UCLvMHyDeqF40ok96u-NQ6sA,958,9.0,1,0,0,comment threshold
460,Sqwey7U5Vvw,Audi Q3 und Q8 PHEV (2020): Wie sparsam sind die Hybride? - Fahrbericht I auto motor und sport,2020-12-16T08:00:12Z,UCLINPbYQ9sy6qc-TqtBeVnw,38348,327.0,165,0,0,valid
461,ur2EgXSkfq4,Audi Q3 Sportback 45 TFSI e (2021) im Test! üîãü§ç Sch√∂nstes Plug-in Hybrid SUV?! Fahrbericht | Review,2020-12-16T07:50:00Z,UCy9Y4en2y1eR1zwcmFkRMzg,106601,418.0,65,0,0,valid
462,QRb4YomGFuU,Audi Q3 45 TFSI e (2021) im Test! üíôWas taugt der Plug-in Hybrid?! üîãüîå Fahrbericht | Review | Preis,2020-12-17T17:14:19Z,UCy9Y4en2y1eR1zwcmFkRMzg,63815,239.0,42,0,0,comment threshold
463,ERvCWBxJQuU,E-PORSCHE 911 G MODELL I 150.000‚Ç¨ f√ºr einen elektrischen Oldtimer Umbau?,2020-12-19T17:00:03Z,UCQGg4CapIYLuO0Vdw2cr4Vg,3912,118.0,28,0,0,comment threshold
464,09iENrthd1E,E-Auto Zoe Z.E.40 Renault -  im Oktober/November mit Photovoltaik laden,2020-12-19T17:48:32Z,UCb6x03oOQPcn9KrXi_Sm3Xg,1215,22.0,35,0,0,comment threshold
465,AWCrb0sYVz8,#005 Der Kaff-E-Klatsch vom Lande: In 14 Tagen vom Diesel zum E-Auto Mazda mx 30,2020-12-20T23:43:20Z,UCFqittvXZxWMkaVK52tuJFg,833,45.0,23,0,0,comment threshold
466,CPguw8g6t0I,Warum l√§dt unser E-Auto so langsam?,2020-12-21T20:35:38Z,UCb0BvamKxxSvs1CtZThRuiA,14651,469.0,130,0,0,valid
467,KZI2Fg1fbLo,"E-Auto Peugeot 106 Elektro #l√§uft: Wasserschl√§uche gewechselt, Reichweite, Ladevorgang, Cadmium-Akku",2020-12-22T21:50:18Z,UCEA8dU3ig-0ItOz6idHOlfw,453,10.0,7,0,0,comment threshold
468,KbsQoaO19ZQ,PKW Zulassung im Stra√üenverkehr - Ein gebrauchtes Fahrzeug zulassen - KFZ BehoÃàrdengang Anleitung,2020-12-22T16:00:19Z,UCyFEE0cMHIEMLlMSItKYGsQ,5068,93.0,7,0,0,comment threshold
469,GQP2XgmM1W0,Userschelte: Sind e-Autos wirklich wartungs√§rmer? Beispiel Tesla,2020-12-23T16:00:04Z,UC5i6nCpwmDVKo98sZD2AAcQ,44497,2027.0,734,0,0,private video
470,jcYEN5wuDOk,Elon Musk: Tesla Supercharger f√ºr ALLE Marken!? | Schnelladenetz | Emobilit√§t | E-Auto | HPC Lader,2020-12-23T10:12:34Z,UC7yqj2im3lMTCEgAfLlu2XQ,4665,45.0,17,0,0,comment threshold
471,HX0uDLpIxNA,Apple √ºberraschende E-Auto News: Jetzt Apple Aktie kaufen? Wie reagiert die Tesla Aktie? [Analyse],2020-12-25T19:10:26Z,UCzI2pFo5qj6iVAU_yfTRDXg,6086,210.0,37,0,0,comment threshold
472,18EKmSZ-3oI,ESPECIAL DE NATAL ERROS DE GRAVA√á√ÉO AUTO SUPER 2020,2020-12-25T21:00:01Z,UC08IZDh4NSFHl8KYpYNdoVg,56605,8870.0,181,0,0,Language
473,74lgXsT2CIs,Die E Auto L√ºge ‚Äì Wie CO¬≤ neutral sind Elektroautos - Die √ñkobilanz vom Elektroauto,2020-12-26T18:00:02Z,UCrTqIAR1vOjaizO8HRk373Q,1013,47.0,22,0,0,comment threshold
474,YKdzLae0_fs,Ford Mustang Mach-E Sedan (2020) |¬†Kommt das E-Pony als Limousine? | Skizze,2020-12-26T04:30:02Z,UCJrXOOtvmGn4CF7aYaJwuHA,23565,300.0,55,0,0,valid
475,EImeLgccGs0,Mustang temmen | Ford Mustang Mach-E (2021) | Autovisie,2020-12-26T09:11:34Z,UCAkqAwuyz_qu3vfgAMQPCBw,16471,140.0,51,0,0,
476,EU_BPjA2_jU,"REPROVEI NA PROVA DO DETRAN, E AGORA? VALORES ABUSIVOS DA AUTO ESCOLA",2020-12-26T15:00:07Z,UCPmhx3AK6rrSNN6MoX6pkWw,15189,403.0,113,0,0,Language
477,IZeRKS1jWjg,Wie gut kommt man mit dem EAuto von M√ºnchen nach Frankfurt | Public Charging Challenge Part 1,2020-12-27T10:00:12Z,UCwWywgs5YJsI0gMgjdecpYA,1836,24.0,15,0,0,comment threshold
478,17lc_cJm6qM,Probefahrt im VW E-Up I 1.Eindruck Elektrofahrzeug l E-Auto‚Äòs unsere Zukunft? Autoh√§ndler Test,2020-12-27T17:55:01Z,UCsGd1uueHeXmEFHaDm1bNKA,2847,98.0,58,0,0,valid
479,ut6XDS96S3g,Nie mehr liegen bleiben: E-Auto-Routenplaner mit Live-Autodaten-Kalkulation NEU: ABR + Tronity,2020-12-28T17:00:19Z,UCSwRhu8CeHVXZlG1ExdjuTQ,8556,393.0,164,0,0,valid
480,61HTd0O9UOY,Active Sound & Chiptuning f√ºr Elektrofahrzeuge | Fetter Sound im Smart EQ,2020-12-29T09:09:45Z,UCGBjpfws0R-NAds-b9hoDzA,10043,11.0,6,0,0,comment threshold
481,D1DFVb2b2wg,Solar & E-Auto Aktien SPAC - ALAC - Einsteigen noch vor dem Hype! Extremes Potential! TrendInvest,2020-12-30T13:08:41Z,UCqs_d7U3QdfOv2vRBR0p8qw,806,29.0,18,0,0,comment threshold
482,d1qhbNPnS_U,TYP 2 Stecker auf Schukodose SELBST bauen,2020-12-31T11:12:27Z,UCJ0qZcvtWCKyGiWqXuQ6TxA,8686,243.0,55,0,0,valid
483,L4mj0I9GVzc,SUZUKI JIMNY VS PANDA 4X4 NEVE E GHIACCIO,2020-12-31T19:11:52Z,UCFrZnyT-QGXVwGoHU3VOS-Q,162088,876.0,204,0,0,Language
484,rZeYYiWI1yI,etrailer | Thule Helium Pro 2 Bike Rack Review - 2012 Infiniti G25,2020-12-31T17:25:52Z,UCSE2Tcko-7NQKXwIsRKMELw,38,1.0,1,0,0,comment threshold
