video_id,title,published_at,channel_id,view_count,like_count,comment_count,job,id
rpFKN1voIZw,E-Auto - Was kommt an Unterhaltskosten hinzu? | Ausgerechnet | WDR,2021-09-01T18:00:33Z,UCn7wWR5KnpX_N6ZaBNuyVYw,439986,3443,2173,0,0
eeOr49Swu3U,Vollwertiges E-Auto oder doch nur Verbrenner-Verschnitt? - Der Volvo XC40 im Praxistest,2021-09-01T16:00:16Z,UCgmB8S3f8-9dR8alVUZuZxQ,28093,1304,146,0,0
SGPygW8f6QU,Tesla Model Y mein erster Eindruck,2021-09-01T15:00:30Z,UCua87-Wr29nGhVLzZrN2e_g,6959,311,32,0,0
8jaGxOqu3fM,"eMobility update: Reichweiten-Rekord mit Elektro-Lkw, Lotus plant 4 Stromer, F√∂rderpause in Schweden",2021-09-01T10:00:12Z,UC_vO01sSD25a73DhoaxtZTw,7612,426,47,0,0
ld34oBwCcHc,Tesla Hebamme verzweifelt üò© Peinlicher Service Center Fehler üò°,2021-09-01T13:09:29Z,UChjA0Vy8gClgOU9W1ttvt8w,44269,2698,180,0,0
oiO8Prt5Rrs,Tesla MODEL Y - FAZIT nach 1.000 km MODEL Y - Vergleich zum M3LR... und Bio-Weapons-Defence Mode,2021-09-01T16:23:26Z,UCasePAQ_q7tbUGybICCj4NQ,9152,628,56,0,0
CApGmikXGrM,Steuerberaterpr√ºfung 2021 | Das sagen die Kursanbieter,2021-09-01T16:30:03Z,UCCwCa-faBqcY-zJ4PS1lCHA,2279,43,7,0,0
gLG5aTbHP1o,Fette E-Tankstellen: Endlich Ende des Elektroauto Leides in Sicht?,2021-09-02T06:00:10Z,UCiZnK4X73okItJqaCs2YDOQ,103019,6221,972,0,0
C9CXxNxfyG8,"eMobility update: Opel Astra wird elektrisch, VW ID.3 und ID.4 im Abo, Mercedes AMG Plug-in-Hybrid",2021-09-02T10:00:12Z,UC_vO01sSD25a73DhoaxtZTw,6181,378,25,0,0
cVrsFitECT0,Model Y SR 49.990‚Ç¨? / Model 3 & Y in Indien zugelassen / Model 3 Unfall Florida / FSD-Verkauf  11%,2021-09-02T11:16:47Z,UCP1ZmU7-oVi8dMhbCEbAD3Q,5265,494,76,0,0
Xdlm5lx8zxA,MODEL Y - Computer auf R√§dern...Over-The-Air Updates l√§sst die anderen OEMs.... Vers2021.24.14 hier!,2021-09-02T16:00:10Z,UCasePAQ_q7tbUGybICCj4NQ,5967,654,109,0,0
NC2ZAuUPHnc,"Starker DAX-Donnerstagsbeginn, Xiaomi, Tesla, Paypal und Robinhood mit unterschiedlichen News",2021-09-02T08:18:21Z,UCg18M7fBsnROHoxz-SGiqvQ,421,18,3,0,0
ZKCEGb1E-yQ,"Was steckt im Citro√´n AMI, Opel Rocks-e? - Laderaum, Ausstattung & Technik ‚Äûen detail‚Äú",2021-09-02T16:30:04Z,UCaCaZ-vKtnMG2_FKmEePChQ,24469,848,140,0,0
9K4hl031IfI,Varta: Maydorns falsche Meinung,2021-09-02T14:30:01Z,UCwJI35C9xWQE4W1OIewi_8w,52174,1192,256,0,0
BIB3H43lSKY,Jenke deckt auf: Sind wir Opfer der Kosumgesellschaft? | JENKE. DAS SHOPPING-EXPERIMENT,2021-09-02T10:00:05Z,UCh-Ftqf4si1HFVtDm7Y10yg,14473,141,6,0,0
MvyXkOfdFHI,Elektromobilit√§t | Vor- und Nachteile erl√§utert,2021-09-03T13:00:11Z,UCegRmvXSn3haZutrzXambDQ,591,10,10,0,0
WBIwgtEhDlM,Q & A Elektromobilit√§t im Alltag -  Folge 1: Reichweite,2021-09-03T14:00:22Z,UCr1Obvo5Gl5VYVuHtUlHALg,2943,9,1,0,0
i6gmkkfhmEY,Aiways U5 2021 Alltagstest - Elektro-SUV f√ºr 30.000‚Ç¨,2021-09-03T15:00:31Z,UCaTyFx9Llt5nQRAFjZyowow,6344,201,33,0,0
AIWdV_fYUcg,"nextnews: Model Y √úbergewicht, VW App Store, Tesla petzt, illegale Schnelllades√§ulen, Opel Astra",2021-09-03T16:00:04Z,UCgmB8S3f8-9dR8alVUZuZxQ,94909,4238,989,0,0
ADLTGy-fMMk,"Opel Astra Elektro kommt, Sono Motors bidirektionale Wallbox, Traton wird elektrisch, VW ID.3 im Abo",2021-09-03T16:20:35Z,UCBc0Mghy-6jhMXs3T7DluMg,7983,487,52,0,0
LVrNw5tP_x4,"Alte Elektroautos: kleiner Akku, gro√üe Reise? Roadtrip",2021-09-03T03:30:08Z,UCwQmqAG_8YlgakD8Dj0DZ4w,6992,276,124,0,0
bki1UciYFLg,"STAT E-STICS #34 | Neue Elektroautos von Lotus, Honda, Mercedes, DS und die aktuellen Lieferzeiten",2021-09-03T15:48:56Z,UCDDj2GWklzZ09X7R9OtsX3Q,5247,371,21,0,0
6ArdNVG45tY,Klage ums Elektroauto laden | Mieter will Wallbox per Gericht erstreiten,2021-09-03T14:27:03Z,UCaCaZ-vKtnMG2_FKmEePChQ,5424,529,117,0,0
b7Rovc4uVVQ,Welche E-Autos k√∂nnen Wohnwagen ziehen?,2021-09-03T11:03:01Z,UCsFn3MVZBT1_GWFzgv4QF3A,2444,64,40,0,0
L68gjGeSgVs,Reichweite und Verbrauch Peugeot e208 bei Tempo 130 - Testfahrt [Deutsch 4K] | Vision E Drive #123,2021-09-03T16:00:10Z,UCDMd4FzBxxKD5yAeeLStU6A,5187,207,80,0,0
ZNt9SudmiY0,ANWALT kl√§rt auf: W√ÑCHTERMODUS / DASHCAM erlaubt? - BHO LEGAL| EFIEBER,2021-09-03T16:00:17Z,UC7yTmxTaRki-3qVGF14Tchw,3105,201,66,0,0
3di8KErObJU,TESLA Model 3   Das erste Jahr,2021-09-03T10:00:03Z,UCchH1esPCWvzigavq5JDwlQ,3858,290,33,0,0
NvuHWnyVptE,Mustang Mach E bremst sich fest in der Waschstra√üe! Mein Trick dagegen.,2021-09-03T14:05:41Z,UCVUBc0WF5X-w3T8s6Wyx-jw,7938,473,119,0,0
VCAmIsJ0Qy0,Alternativer Autogipfel - Fachleute bewerten den Status der Elektromobilit√§t in Deutschland,2021-09-04T15:41:39Z,UCqQGYPEU7DiNA6bUUmehb8g,9077,436,56,0,0
rl6KPlPpF_c,Tesla Model2 ohne Steuerrad? Roadster erst 2023 Tagesthema Elektromobilit√§t Nr.412,2021-09-04T15:00:20Z,UCHuXYLIv70fPKK9c60TwLQw,203,27,6,0,0
yuixvLDyjyc,Alternativer Autogipfel - Fachleute bewerten den Status der Elektromobilit√§t in Deutschland,2021-09-04T15:37:59Z,UCSEJS2CZmTsXrpbKTdkJX5g,684,39,2,0,0
jIc7894XAr8,Elektroauto laden ist viel zu kompliziert #shorts,2021-09-04T15:00:17Z,UCddkvrnYqGRfODPMUQqisiw,1420,49,7,0,0
LyyHYe6Z8sg,Mercedes-Maybach Concept EQS |¬†Erster Elektro-Maybach wird ein SUV |¬†Vorstellung mit Andreas Huber,2021-09-05T17:53:21Z,UCJrXOOtvmGn4CF7aYaJwuHA,28725,518,144,0,0
WzCeAAkdbkI,Mercedes EQS AMG: Sogar st√§rker als der Taycan Turbo S!,2021-09-05T16:08:03Z,UCiZnK4X73okItJqaCs2YDOQ,62977,3172,410,0,0
5mC1ndh6PWw,"Gef√∂rderte Illegalit√§t - Monopole, Eichrecht... Tagesgesch√§ft an deutschen E-Lades√§ulen",2021-09-05T18:36:19Z,UCaCaZ-vKtnMG2_FKmEePChQ,3652,298,19,0,0
IscZxnKCnE0,Das m√ºsst ihr zu unseren EQ Abo Modellen wissen,2021-09-05T07:30:06Z,UCpcKynFD5yguZcZI_dbmXOA,4764,17,1,0,0
WDtyrUAoF10,Mein TESLA MODEL Y Ist Da!,2021-09-05T10:00:14Z,UC3rz4cx41jWj7shRBTetzkw,73478,3448,394,0,0
IeJb7FC6vn0,Die IAA r√ºckt Elektromobilit√§t in den Fokus,2021-09-06T17:27:07Z,UCcPcua2PF7hzik2TeOBx3uw,1441,16,16,0,0
Q_lBij8oCJo,"IAA 2021 - EQE, iD.5 und co. was gibt es neues von der Messe aus M√ºnchen?",2021-09-06T19:02:30Z,UCaTyFx9Llt5nQRAFjZyowow,7468,205,27,0,0
eV2Cq2KOars,Lukaschenka-Gegnerin Kolesnikowa in Belarus zu elf Jahren Haft verurteilt,2021-09-06T13:30:09Z,UCcPcua2PF7hzik2TeOBx3uw,6145,111,203,0,0
G1S7hf4uOac,"eMobility update: Renault zeigt elektrischen M√©gane, Volkswagen ID.1, Mercedes G-Klasse als Stromer",2021-09-07T10:00:12Z,UC_vO01sSD25a73DhoaxtZTw,6707,406,37,0,0
EEgwHLHvyHY,Renault Megane E-Tech Electric im IAA-Check - alles was ihr wissen m√ºsst!,2021-09-07T14:00:05Z,UCaTyFx9Llt5nQRAFjZyowow,5595,195,34,0,0
m09f0pesni8,Warum V2G wahrscheinlich scheitern wird mit Holger Laudeley,2021-09-07T15:00:22Z,UCBc0Mghy-6jhMXs3T7DluMg,42672,2158,418,0,0
2tVv-ewb-cc,Fahrsicherheit: TESLA VERSAGT & neuer IONIQ 5 TOP | Vergleichs-Test,2021-09-07T15:25:50Z,UCDDj2GWklzZ09X7R9OtsX3Q,23747,514,97,0,0
H9OhsUZWqeQ,Mercedes EQE 350 auf der IAA: Premiere der vollelektrischen Alternative zur E-Klasse in M√ºnchen.,2021-09-07T17:10:15Z,UCsNdsFTTBj5jcRJSWeJ8-Xg,1962,217,41,0,0
fEsV0DSyN-g,"1. ELON TV - TESLA Roadshow: Kennenlernen, Gespr√§che, Testfahrten, Wahl des Gewinners Tesla Model Q2",2021-09-07T16:15:11Z,UCasePAQ_q7tbUGybICCj4NQ,1760,130,10,0,0
4Sfd7JJSezc,"Mr and Mrs T on Tour, im Tesla um die Welt",2021-09-07T17:56:43Z,UCqtBzOjVW0aLVZHaRYu7dpQ,7007,496,37,0,0
hO2OIwTgQnc,Klimaschutz ‚Äì aber wie und zu welchem Preis? Was die Parteien wollen (1/3),2021-09-07T15:00:21Z,UC-muQylmRx61Mt6U1oDSEVA,21783,807,719,0,0
aAWkUUIbdAk,"Innovative Raumkonzepte, Wechsel-Akku: Sind Elektro-Minis DIE Zukunft? | IAA | auto motor sport",2021-09-08T14:00:01Z,UCLINPbYQ9sy6qc-TqtBeVnw,35294,910,201,0,0
4k5aYoIhW2M,Was echte Petrolheads √ºber Elektroautos denken!,2021-09-08T16:00:02Z,UCgmB8S3f8-9dR8alVUZuZxQ,44097,2616,682,0,0
Ldu2QRL9KAs,"IAA 2021 üëâ ALLE Highlights der E-MobilitaÃàt aus M√ºnchen, EQE, Megane E-Tech, und viele Geheimtipps",2021-09-08T15:08:03Z,UC96MGGyxaZZQ6aFKSVMHIew,22037,591,62,0,0
zWZBzPWvNtg,Diese √úBLEN FEHLER Macht Der TESLA AUTOPILOT Noch 2021,2021-09-08T13:00:27Z,UC3rz4cx41jWj7shRBTetzkw,44353,1948,296,0,0
mudBVCwEozY,"eMobility update: Porsche zeigt Elektro-Rennwagen, Great Wall Stromer, Hyundai Verbrenner-Aus 2035.",2021-09-08T10:00:12Z,UC_vO01sSD25a73DhoaxtZTw,4454,336,19,0,0
gJ_Q03ncyc8,T√úV NORD und Det M√ºller - voll unter Strom auf der iaa mobility in M√ºnchen,2021-09-08T10:29:57Z,UCQBEVxzCoYFDsu94K79lugg,37638,23,1,0,0
Zc9Fm5pZFEU,Ignoranz am HPC Lader - brauchen wir Blockiergeb√ºhren am Schnelllader?,2021-09-08T18:08:00Z,UC5bFzrX6CioylX4Yzr06noQ,4299,364,209,0,0
BJxtg5tH-cE,GWM Wey: Next Level Hybrid blamiert deutsche Premium Hersteller,2021-09-08T08:00:05Z,UCiZnK4X73okItJqaCs2YDOQ,216521,8007,2214,0,0
_a9dthqkrbM,Ola K√§llenius im Interview (2021) |¬†Daimler-Boss √ºber die Elektro-Zukunft |¬†IAA Mobility 2021,2021-09-08T15:30:06Z,UCJrXOOtvmGn4CF7aYaJwuHA,8599,184,75,0,0
MP2bwc78dg0,Wasserstoff - Speicherbare erneuerbare Energieformen,2021-09-08T12:00:08Z,UC-S1Omp7eCCbgjgtdugCvLA,2124,11,2,0,0
MRD1oLGAykk,AfD im Bundestag √ºber Versagen der Elektromobilit√§t IAA und die Zukunft der Autos,2021-09-09T19:49:46Z,UCBoIJhUfNcn8G_odWECKVIA,41879,4266,1293,0,0
RA7hR5rInqg,"EnBW goes IAA-Livestream: ""520 Wochen Zukunft""  mit Zukunftsforscher Lars Thomsen",2021-09-09T14:30:37Z,UCvUn_GJ9ZqsFMvLWVuqOzbg,1599,25,3,0,0
GQc15einBOk,Lade-Flatrate f√ºr Elektroautos ab 49‚Ç¨ - JUCR beendet den Ladekarten-Wahnsinn,2021-09-09T16:49:34Z,UCqQGYPEU7DiNA6bUUmehb8g,20416,1134,520,0,0
LTMBF0lbyaM,Entdeckt unseren neuen vollelektrischen AMG EQS.,2021-09-09T17:11:08Z,UCVxun8KIhpt4ebkA5QAHljA,3346,85,4,0,0
MN1ueCpt-Go,"eMobility update: Serienversion Microlino, Siemens zeigt automatische Ladestation, Polestar Variante",2021-09-09T10:11:16Z,UC_vO01sSD25a73DhoaxtZTw,8507,415,44,0,0
SrU0J5GfdHQ,Dacia Duster 2 LPG | 10.000km UPDATE,2021-09-09T16:16:06Z,UC71LLXTCwC9HYTqOymH6xBw,35789,656,154,0,0
gNADMzupItU,LEXUS UX 300e: nobel aber auch reichweitenstark?,2021-09-09T17:47:15Z,UCev8ERhEE652NjUgGlPEOlQ,1359,54,16,0,0
Cvz2UBPst2g,"Die NOTFALL ""Wallbox"" f√ºr unterwegs?! | LAPP MODE 2 UNIVERSAL-SET",2021-09-09T15:30:03Z,UCUYT5ThWuRNWAbV0nul7EGQ,1955,57,12,0,0
r75l2jrUL-0,MODEL Y - 416 kg ZULADUNG Innenraum!!!!! Bedenken bei der ZULADUNG unbegr√ºndet! Fehler im COC!,2021-09-09T13:15:25Z,UCasePAQ_q7tbUGybICCj4NQ,7888,732,193,0,0
tXKD1dEI0QE,Mustang MachE Parkassistent. Kann er selber einparken? Unser Test!,2021-09-09T09:00:33Z,UCVUBc0WF5X-w3T8s6Wyx-jw,8815,582,142,0,0
VbK-Rnx-IV8,"""M√∂chten Sie im Garten ne Windkraftanlage stehen haben?"" - Ralph Brinkhaus im Klima-Talk | WDR",2021-09-09T18:00:17Z,UCn7wWR5KnpX_N6ZaBNuyVYw,3482,53,62,0,0
rr-WQrAcDac,Science Reporter: Nachhaltige Finanzwirtschaft | Hessen schafft Wissen,2021-09-09T07:00:20Z,UCk4bwdGmMpULsaQEBTaws-g,13485,9,1,0,0
F7JHouKOLr8,"EXPERTEN schlagen ALARM | ELEKTROMOBILIT√ÑT ist gef√§hrlich, teuer und nicht alltagstauglich",2021-09-10T12:17:05Z,UCaCaZ-vKtnMG2_FKmEePChQ,7951,878,171,0,0
jDz_PQPoAC4,Test Porsche Taycan Turbo S 2021 - sind √ºber 700 PS Elektromobilit√§t eine Viertelmillion wert?,2021-09-10T17:00:25Z,UCGmtGTA1c_6V-0Do3ZE7kWg,1651,80,189,0,0
NiktB5hYE9A,CO2-freie Elektroautos - eine L√ºge?,2021-09-10T08:37:12Z,UCKsvXjbPRFCXumxNocU7qWQ,1911,46,28,0,0
9FwA-h-wZd4,NIO ET7 - Elektroauto ohne die Nachteile eines Elektroautos!,2021-09-10T14:00:08Z,UCiZnK4X73okItJqaCs2YDOQ,399505,15619,1590,0,0
rveODB-LKgk,Toyota Mirai 2021 - das Wasserstoffauto im Alltagstest! Lohnt es sich?,2021-09-10T15:00:34Z,UCaTyFx9Llt5nQRAFjZyowow,5345,141,101,0,0
7l0Gmlehge4,"eMobility update: Performance-ID.3 in 2022 Renault 5 in 2024, Batteriezug, ALD-Leasing f√ºr Tesla",2021-09-10T10:00:11Z,UC_vO01sSD25a73DhoaxtZTw,6350,404,13,0,0
iGy7Z-_RZUU,Tesla Model Y oder Hyundai Ioniq 5 - Wer baut das bessere Elektro SUV?,2021-09-10T16:30:04Z,UCoJ9ql-WffntQ5Pa8SdkllA,21452,660,187,0,0
c8J2KrrSUM0,"Unser neuer Elektroroller: NIU MQi GT (70 km/h) im Test: F√ºhrerschein B196, Kosten & Erfahrungen",2021-09-10T16:23:40Z,UCkAFFNmA-84zGIi-WTBZ4cg,14677,278,64,0,0
R206zyoDq_4,Gartenfotograf mit Leidenschaft | MDR Garten,2021-09-10T14:30:03Z,UCvL1KJ8jforIVCLPW7avUCw,1651,43,3,0,0
YymqkP-q7EE,Holger Laudeley macht die Halle auf - Benzingespr√§che vom A-Netz zum E-Netz und Edel-HiFi - 163 Grad,2021-09-10T06:19:14Z,UCbe4BpM5-Ta7MIlbKOofTDA,24320,1475,154,0,0
p3i4pQdW5Xk,Tesla bricht weiter Rekorde Tagesthema Elektromobilit√§t Nr.413,2021-09-11T08:00:13Z,UCHuXYLIv70fPKK9c60TwLQw,301,36,6,0,0
chV5xwz1g_s,Tesla Model Y nach 2 Wochen und 1500km: Ersteindruck als Familienauto,2021-09-11T07:00:11Z,UCM1jNA8DM90LE4ywxBe8RmA,372785,14404,1422,0,0
M0mEdZxqlsQ,EnBW goes IAA-Livestream: Talk mit Jutta Kleinschmidt,2021-09-11T02:08:43Z,UCvUn_GJ9ZqsFMvLWVuqOzbg,418,11,2,0,0
bhHDGZetFlU,Hyundai IONIQ 5 Probefahrt Burg Berg 9/11 Fahrt,2021-09-11T18:41:27Z,UCoWVIxHYxXrkiW780PfVvyA,461,17,7,0,0
6yfptIRLjYc,ORA CAT üëâ DIE √úberraschung der IAA 2021 in MuÃànchen. Echt cooles E-Auto!,2021-09-11T15:00:03Z,UC96MGGyxaZZQ6aFKSVMHIew,5706,304,41,0,0
DiqJDqE_FN0,1000 km rein elektrisch? An nur einem Tag? ED 1000! 18 Fahrzeuge und viele tolle Menschen: Roadtrip!,2021-09-12T12:00:30Z,UCxmohYAjhc2qD5pYIOwQ3bA,14005,412,174,0,0
tZ1FR595LQ8,E-AUTO SPEZIAL #6: UMWELTBILANZ! üå± Wie ‚Äûsauber‚Äú f√§hrt Holger wirklich? | Und: Batterie tot! üò≥,2021-09-12T08:02:32Z,UCcnmNzv0yEEYPM6Oa86unhQ,154400,7798,2997,0,0
t_lx6WrJVN0,Das neue Reglement E-Cannonball 2021,2021-09-12T17:43:42Z,UCSzR9ZpI6WwfB7Mtp_lKkvg,1782,135,15,0,0
cVevtc3eHLU,Kurzurlaub mit dem Elektroauto ‚Äì In die Toskana mit dem e-tron 50 (64 kWh),2021-09-12T18:25:30Z,UCXzAdSkGFtjrbuucfC-t7gA,12784,777,189,0,0
sYwcNVsTvoI,Nio ET 7: Mit dieser Limousine startet Nio in Deutschland,2021-09-12T17:16:05Z,UC6hv0QC9E5-bcUxc3rBGOOQ,50521,1291,219,0,0
stP4uCs5nKE,TOP-ETF 2021 Vergleich: Diese ETFs kaufen üìàüöÄüí∞ Bester ETF Sparplan 2021,2021-09-12T07:48:48Z,UCt-LS-iOO2Aultxo2gtHA4g,53697,1492,217,0,0
PJ7a1BAzuIA,EnBW goes IAA-Livestream: Mobilit√§t der Zukunft mit Katja Diehl,2021-09-12T02:19:44Z,UCvUn_GJ9ZqsFMvLWVuqOzbg,372,15,1,0,0
XaJAoxBJyDw,VW e-up! Reichweite verschwindet einfach - Review Teil 2,2021-09-12T14:00:56Z,UCJ5A0Y2zkA-l2GP3fKJ52Og,4670,154,70,0,0
nnxJ-AO0gNQ,Ford Mustang Mach E Elektroauto als BMW Diesel Nachfolger! Geht das gut?,2021-09-13T09:00:16Z,UCVUBc0WF5X-w3T8s6Wyx-jw,9102,421,109,0,0
bq_4bXXhx7Y,E-Mobilit√§t im Camping-Urlaub | ADAC SE,2021-09-13T09:45:34Z,UCJTQxEGVqCFsBuHUyxgaVqQ,913,30,12,0,0
Yu7L4euV1ck,ORA Cat - Elektroauto aus China mischt den Markt auf,2021-09-13T15:00:18Z,UCBc0Mghy-6jhMXs3T7DluMg,13318,580,110,0,0
lOD2THezdfY,Nach illegalem Rennen ‚Äì Motorrad geht in Staatsbesitz √ºber | MOTORRAD NACHRICHTEN,2021-09-13T16:00:32Z,UCb75GFHvRRlejMehKQzTYjw,14749,643,155,0,0
A3ElhWVUIPI,"M√§rkte am Morgen: Bitcoin, Lululemon, Disney, AMC, Nio, Zooplus, Lufthansa, Valneva, Volkswagen",2021-09-13T06:31:28Z,UC62IIFhchBWQxLPSyUatD-A,24207,638,29,0,0
ErzK2ogkLIU,"Aiways U5 2021 Langstreckentest - 130km/h auf der Autobahn, kann er das?",2021-09-14T15:00:13Z,UCaTyFx9Llt5nQRAFjZyowow,4780,152,20,0,0
ufhRQnmzeqs,Akkus - Rohstoffe erhalten: Zweites Leben f√ºr E-Auto-Batterien | Gut zu wissen | BR,2021-09-14T08:00:47Z,UCZuFrqyZWfw_Zf0OnXWUXyQ,27944,564,192,0,0
8CnhTcag_nQ,"eMobility update: BYD Ocean-X, VW-Batterielabor, Vitesco geht auf 800 Volt, OTA-Updates f√ºr ID.",2021-09-14T10:00:11Z,UC_vO01sSD25a73DhoaxtZTw,9020,512,15,0,0
WPGwn3Gg9sI,Das Bayerische Wirtschaftsministerium auf der IAA MOBILITY 2021 - Bayern,2021-09-14T12:36:32Z,UCfdT0WlvDerbcQ5E0CjJAZA,301,7,2,0,0
ZcE1wzv6KSg,üî¥ AMI kaufen | Citroen will EXPORT verhindern üî¥ | Citroen Ami nach Deutschland holen,2021-09-14T17:49:10Z,UCaCaZ-vKtnMG2_FKmEePChQ,31155,1130,258,0,0
Idqa8YjI6WI,EnBW goes IAA-Livestream: Ausbau der gro√üen Ladeparks - Unsere Vision f√ºr 2025 mit Marco Masur,2021-09-14T14:57:32Z,UCvUn_GJ9ZqsFMvLWVuqOzbg,1158,16,1,0,0
a26-T3nrEwI,Die 10 GR√ñSSTEN Industrieroboterhersteller f√ºr den EU-Markt! | Werner Hampel - Der Roboterkanal,2021-09-14T07:00:00Z,UCC-CEvgbLW4gDcrFAtQfdCQ,1106,72,12,0,0
Bt2K1fI4CSA,Chile: Indigene sch√ºtzen die letzten Araukarien-W√§lder | Global Ideas,2021-09-14T12:15:01Z,UCMIgOXM2JEQ2Pv2d0_PVfcg,3378,104,8,0,0
BmFMmiedsa4,Elektromobilit√§t in der Schweiz! Von Tesla zum Mach E ?,2021-09-15T14:00:08Z,UCVUBc0WF5X-w3T8s6Wyx-jw,4185,316,85,0,0
_k8FRxV6WII,"Parteien zur Elektromobilit√§t: Das sagen CDU, SPD, FDP, Gr√ºne, Linke, AFD zu E-Autos",2021-09-15T16:00:31Z,UCgmB8S3f8-9dR8alVUZuZxQ,55085,4426,913,0,0
yAE7ZAn1VPY,Sonderbericht IAA Mercedes gibt Gas in der Elektromobilit√§t Tagesthema Elektromobilit√§t Nr.414,2021-09-15T15:00:39Z,UCHuXYLIv70fPKK9c60TwLQw,81,10,2,0,0
TF3BQIpvOTE,Garagen-Brand: Wenn E-Autos zur Gefahr werden | Marktcheck SWR,2021-09-15T13:00:23Z,UCxec_VgCE-5DUZ8MocKbEdg,26479,469,356,0,0
q1W8V9N-0Rk,"Klimadiskussion: Industrie, Wirtschaft und Klimaschutz | Markus Lanz vom 14. September 2021",2021-09-15T07:54:58Z,UCeqKIgPQfNInOswGRWt48kQ,231467,1563,1897,0,0
8CRlgoVQW3g,"Fliegende E-Autos, Microlino, E-Bikes & Co. | Auf der IAA Mobility mit @Felixba",2021-09-15T15:00:59Z,UCWDzQTt1RWZD1AtkV76CIBA,8510,494,56,0,0
vTHNxFPmQxQ,Hyundai IONIQ im Gebrauchtwagentest,2021-09-15T15:36:49Z,UCDDj2GWklzZ09X7R9OtsX3Q,5900,341,76,0,0
SPj0rus3zk0,Wo hakt es bei der Mobilit√§tswende? | W wie Wissen,2021-09-15T07:30:06Z,UCt8dlDjV6giRUvD9zLgJOBQ,1551,32,9,0,0
ZUDnrVFmDhw,DE | Bosch bei der Automechanika digital plus 2021 ‚Äì Sprechen wir √ºber Elektrifizierung,2021-09-16T14:30:14Z,UC5PK4aUlSYMfnEjig_fdGsg,929,14,2,0,0
IcwozYUOgMo,1000 km mit dem Aiways U5 - Im Elektroauto von Berlin nach MuÃànchen - Mit ATU bei der ED 1000,2021-09-16T13:00:16Z,UCd5Jpd5473VPhNjdWMUP6tw,17012,1038,122,0,0
4-E6OGuca2Q,Mit dem Elektroauto nach Kroatien ‚Äì wie entspannt ist das?,2021-09-16T13:00:01Z,UCBzai1GXVKDdVCrwlKZg_6Q,669182,12029,2736,0,0
nRwm6EQpYTo,"Tipps vom Profi-Haussanierer: Effizienz, Eigenenergie & E-Mobilit√§t",2021-09-16T18:30:10Z,UCy82YSU9FxoYhknZ4PFmjrQ,6962,239,14,0,0
ypP0HvgDwsw,"eMobility update: E-Trucks aus Ulm, Polestar 3, MAN unter Strom, EQG von Magna, Bauhaus mit HPC",2021-09-16T10:00:11Z,UC_vO01sSD25a73DhoaxtZTw,5882,414,19,0,0
B9FALVlbi-E,KLAGE gegen EnBW erfolgreich | Gericht untersagt 6 AGB-Klauseln | Blockiergeb√ºhr unwirksam?,2021-09-16T18:13:46Z,UCaCaZ-vKtnMG2_FKmEePChQ,6222,437,69,0,0
wlHTTmzHd10,TESLA in GR√úNHEIDE | Wann kommt das erste Model Y aus der GIGA BERLIN in Deutschland?,2021-09-16T06:49:47Z,UCaCaZ-vKtnMG2_FKmEePChQ,4840,453,22,0,0
Qo0Uj7PZuPU,10 Gr√ºnde warum E-Scooter f√ºr Handwerker unpraktisch sind,2021-09-16T12:26:35Z,UC0WLvuy9oRx88wOdqKPli6Q,590,21,2,0,0
DzejelbNYng,Vermeidest du diese 7 Fehler beim langfristigen Investieren?,2021-09-16T16:00:06Z,UCY1ntSfj-BKiXD6A5j6S4Nw,598,46,4,0,0
E2sIVZRdFJg,H2 Mobility Talk zum Thema: Wasserstoff? Wie funktioniert ein Wasserstoff Auto? | ED 1000,2021-09-16T06:00:03Z,UCxmohYAjhc2qD5pYIOwQ3bA,1160,45,41,0,0
9mWUHm7I09M,Sind das die 10 besten Aktien der Welt?,2021-09-16T16:00:11Z,UCh2gY-BOw1DBxBoojRiqZjQ,25653,859,64,0,0
ayhkA493Q8o,Strom sparen aber Elektroauto fahren | Wie funktioniert das? | Alles L√ºge mit Elektromobilit√§t,2021-09-17T13:30:00Z,UCaCaZ-vKtnMG2_FKmEePChQ,7552,848,237,0,0
tSQLICgrJlA,Wasserstoff oder Elektroauto - der Vergleich: Toyota Mirai VS Tesla Model 3 - was ist die Zukunft?,2021-09-17T15:00:24Z,UCaTyFx9Llt5nQRAFjZyowow,6742,334,143,0,0
KCmsKPoEeKU,"Meine Auto-Biografie vom Petrolhead zur Elektromobilit√§t, BMW, Mustang, Jeep SRT, Challenger Talk",2021-09-17T18:00:06Z,UCF4nwOGudhhvRHFpc_ICT-Q,314,15,4,0,0
gcXDyOUzqe0,So Werden Elektroauto Ladestationen Gebaut!,2021-09-17T14:19:12Z,UC3rz4cx41jWj7shRBTetzkw,37247,2260,172,0,0
DsF3g3VlqyY,ADAC-Rankingiese: #electromobility f√ºnf Elektroautos sind die gr√∂√üten Stromfresser,2021-09-17T09:15:20Z,UCTK-UHegKnNYF8JKYXqv0Dg,450,6,4,0,0
2H0T2m3ommU,"nextnews: VW OTA f√ºr Alle, autonomes Fahren startet, neuer Umweltbonus, Elektro-Preisvergleich",2021-09-17T16:00:01Z,UCgmB8S3f8-9dR8alVUZuZxQ,72716,3699,582,0,0
XR2QTpPtYO4,Elektroauto vs Verbrenner|Unterschiede aus technischer Sicht,2021-09-17T18:01:18Z,UCSbPXBW13XKiY8fkG6wgPOw,797,47,10,0,0
cBd07zCBvbk,"STAT E-STICS #36 | Hyundai IONIQ 7, NIO ET7 mit 800 km Reichweite und Skoda's Elektroauto Zukunft",2021-09-17T15:56:42Z,UCDDj2GWklzZ09X7R9OtsX3Q,21578,791,49,0,0
sNAQ0s_mLvA,WASSERSTOFF die ZUKUNFT?! - PRAXIS TEST BRENNSTOFFZELLEN AUTO | EFIEBER,2021-09-17T16:00:34Z,UC7yTmxTaRki-3qVGF14Tchw,1736,150,80,0,0
UFvEJR0UIM8,"Deine Photovoltaik #15 - Anlage auf Rendite ausgelegt, zwei Ladel√∂sungen f√ºr Renault und Tesla",2021-09-17T17:30:14Z,UC-k-5F2j4CUzuwkx1QLRlpA,15386,605,90,0,0
KU-iyeGs-J4,Nach Spanien mit dem Tesla Model 3 Performance - Die grosse Doku  [Deutsch 4K] | Vision E Drive #124,2021-09-17T16:00:09Z,UCDMd4FzBxxKD5yAeeLStU6A,5862,273,57,0,0
2MUdLEK1e3M,Freie W√§hler Wahlprogramm 2021 einfach erkl√§rt | Bundestagswahl,2021-09-17T12:30:02Z,UC3hekG458EdMK2KmbGbMHmw,11271,604,266,0,0
WV9AffjtK8g,VW ID LIFE üîã Elektromobilit√§t ab 20.000 ‚Ç¨ digital & variabel - sieht so das Auto der Zukunft aus‚ùì‚ùóÔ∏è,2021-09-18T06:30:14Z,UCuPH6ouleIo8IhmZy65m4pA,2369,83,35,0,0
-lFJO1-JpFQ,Elektroauto an Photovoltaik laden - Wie geht das?,2021-09-18T06:00:00Z,UCBc0Mghy-6jhMXs3T7DluMg,70383,2176,356,0,0
5be-PLM_MVs,Tesla Roadster von 2010 hat immer noch √ºber 360km Reichweite Tagesthema Elektromobilit√§t Nr.415,2021-09-18T12:28:50Z,UCHuXYLIv70fPKK9c60TwLQw,164,19,1,0,0
okvT-9CMn9c,"Finale Sensationen, Instruktionen, News E-Cannonball 2021 nur noch eine Woche! Start des Radfahrers.",2021-09-18T17:30:03Z,UCSzR9ZpI6WwfB7Mtp_lKkvg,3124,219,22,0,0
A25TuoYBGxM,Die massiven Konsequenzen einer linken Koalition,2021-09-18T16:00:07Z,UCJ4ftqeOD3JnszeoBUuwPYw,1438,123,82,0,0
DibmkkRkg08,Kartenzahlung | Strompreis-Explosion & Sichtbarkeit der Elektromobilit√§t,2021-09-19T18:28:06Z,UCaCaZ-vKtnMG2_FKmEePChQ,6922,532,88,0,0
Z3EtckVMtzU,E-Cannonball 2021 auf zwei R√§dern. Start des Radfahrers Patrick,2021-09-19T12:11:01Z,UCSzR9ZpI6WwfB7Mtp_lKkvg,3527,426,23,0,0
shhPHl24zi0,Porsche Taycan: Will bei mir nicht schnell laden,2021-09-19T17:00:35Z,UC6hv0QC9E5-bcUxc3rBGOOQ,2321,92,12,0,0
8EitVwxqDFE,Reinhard Kubat: Eine gro√üe Vision f√ºr Waldeck Frankenberg,2021-09-19T09:39:48Z,UChaciFJD2DfQ4oJKkgbUY7g,235,4,2,0,0
AiqCyqcfSXY,"W√§hlen, w√§hlen, w√§hlen! - Der #Volksentscheid l√§uft weiter!",2021-09-19T08:00:03Z,UCSa4RnmvfBbLgkEwqCUNGXQ,1642,93,20,0,0
ZR_VLCn8pB8,Prof Harald Lesch zur Elektromobilit√§t an der TU K√∂ln,2021-09-20T18:10:54Z,UC3QxD1-8iMaLddQpLyvqYWQ,295,2,6,0,0
fxBHEqMe4rc,Auswahl E-Auto - Mein neues Elektroauto - Lieferengp√§sse,2021-09-20T15:00:18Z,UC5i6nCpwmDVKo98sZD2AAcQ,31533,1562,461,0,0
WFncgnIslVk,kvyreen - gr√ºner Wasserstoff l√§dt Batterien?!,2021-09-20T14:08:10Z,UCA6kFmAT1M8l1myu2owOJ7w,430,22,5,0,0
sxH81f9s2Q0,"Was w√§re, wenn alle Autos elektrisch fahren w√ºrden?",2021-09-20T18:26:23Z,UCAsPko9mmTZgsgETuFyCBsw,189,7,3,0,0
F6xL9q8NlqQ,"Renault Kangoo (2021) Review Edition 1 TCe100, Kompletttest, Rundumtest, St√§rken/Schw√§chen, Infos",2021-09-20T10:45:39Z,UCInXlbYmCkRVGbaDkW7bVGg,9268,99,5,0,0
cN58x2kpIow,"Elektromobilit√§t, Energiewende und Batterieforschung",2021-09-21T08:34:58Z,UCjlQUYxw7yjLuq5wTcJE-yA,10431,236,114,0,0
NpI8RLQhA9A,F√ºr die Elektromobilit√§t brauchen wir 6-10 mal mehr Strom,2021-09-21T13:56:24Z,UCQFct9eYMA2BHgnecdOBJwQ,45,3,2,0,0
iu7A_Ai_mIE,"Hyundai IONIQ 5 | E-Auto tanken statt laden - Die Reichweite nach 5 Minuten ""tanken""",2021-09-21T15:24:17Z,UCDDj2GWklzZ09X7R9OtsX3Q,23789,610,106,0,0
D-SYUOH27-k,Madame Moneypenny √ºber alternative Rentenversicherungen | RTL Direkt vom 20.09.2021,2021-09-21T10:00:06Z,UC2w2teNMpadicMg3Sd_yiyg,1312,14,7,0,0
d5ursqucYhU,Prof. Maximilian Fichtner - Herausforderungen bei der Entwicklung nachhaltiger Batteriesysteme,2021-09-21T08:06:57Z,UCjlQUYxw7yjLuq5wTcJE-yA,10938,332,20,0,0
PTZkB4KuuKc,Magnetpulsschwei√üen erm√∂glicht sicheren Wasserstoffeinsatz in der Luft- und Raumfahrt,2021-09-21T12:22:08Z,UCLWYArko0Ojc5tJn0LxCXSg,947,20,1,0,0
5HVf7noMtq0,Aiways U6 bekommt ein Navigations System! Wie funktioniert ein LiDAR?  | Electric Drive News,2021-09-21T09:00:04Z,UCxmohYAjhc2qD5pYIOwQ3bA,3761,168,17,0,0
4xzRxVoJq8s,Klimaschutz: Was dazu in den Wahlprogrammen der Parteien im Bundestag steht,2021-09-21T14:40:28Z,UCeqKIgPQfNInOswGRWt48kQ,11692,260,216,0,0
Ne8IbVX5Q5w,Jean P√ºtz - ELEKTROMOBILIT√ÑT ist Populismus,2021-09-22T13:30:03Z,UCaCaZ-vKtnMG2_FKmEePChQ,18573,1257,374,0,0
fwWCazyM-dk,Viele Fragen zu Elektromobilit√§t? Wir wandeln sie in Antworten um!,2021-09-22T13:35:28Z,UCSQ3MjZs1oqUHcWUGCMaVvw,408,9,1,0,0
0cJJ1XaHqJw,Tesla Hyper Hybrid zuk√ºnftig mit aFuel und -24g CO2/km Emissionüò≥ - Mittelklasse m√∂glich ab 20.000‚Ç¨‚ùì,2021-09-22T14:34:10Z,UCuPH6ouleIo8IhmZy65m4pA,1906,72,36,0,0
SHHjQrkMXoY,"Volvo XC 40 pure electric Langstreckentest, was schluckt er wirklich?",2021-09-22T15:00:23Z,UCaTyFx9Llt5nQRAFjZyowow,4365,112,18,0,0
Ts8lVt0ijFY,KIA EV6 Review & 1000 km Challenge gegen 17 andere Elektroautos,2021-09-22T16:00:16Z,UCgmB8S3f8-9dR8alVUZuZxQ,127275,3748,421,0,0
hCRZjbEk2zw,W√§hlen um den Klimawandel zu stoppen - Die Clixoom-Analyse der Wahlprogramme,2021-09-22T17:13:41Z,UCrt6X6pXNRl5rRxaKbzCrvw,20405,1423,1453,0,0
paChNEGqFG0,Keine Autos mehr in der Stadt?,2021-09-22T15:01:08Z,UCucMlG7a_4kewYrXhTK_PKg,34449,242,165,0,0
yTkxF162Xzk,"Breaking Elektro-News: Brandgefahr und Reparaturkosten E-Autos, Mobiler HPC mit Akku, Cadillac LYRIQ",2021-09-23T05:00:31Z,UCsNdsFTTBj5jcRJSWeJ8-Xg,6572,615,99,0,0
0QaTloE1YO8,100.000km im Twizy eine Retrospektive was war alles kaputt,2021-09-23T18:47:06Z,UCuYmC_tsAI6ln_saoBHxTKQ,17841,388,102,0,0
ha3F4jZoYTo,1000 km im Opel Mokka-E an einem Tag? Kein Problem f√ºr Gesine Cukrowski | ED 1000 Fahrbericht,2021-09-23T13:45:58Z,UCxmohYAjhc2qD5pYIOwQ3bA,8815,177,22,0,0
B55TouUk9D8,Mehrfachnutzung von Fl√§chen f√ºr Wind und PV - Chance f√ºr die naturvertr√§gliche Energiewende,2021-09-23T11:54:43Z,UCqtdqQg-7pVKgJTcqI1NEfg,152,2,1,0,0
ce3Qekj02Sw,Alex mit Jutta Kleinschmidt im CUPRA ABT Xtreme E,2021-09-23T13:02:56Z,UCsLOtn32074H9Qxy7gjr2LQ,703,63,12,0,0
NeN8Dcgftg8,CO2-Kompensation f√ºr die kleinen S√ºnden der Elektromobilit√§t,2021-09-24T15:46:38Z,UCS-LUNiTqvv7t7Q-tEhQwVQ,142,7,2,0,0
32fWdlC5gEY,"nextnews: Geld f√ºr E-Autos, Tesla-Party, Model Y als Hybrid, Wahl, Kartenzahlung oder Plug & Charge",2021-09-24T16:00:01Z,UCgmB8S3f8-9dR8alVUZuZxQ,82630,3836,849,0,0
0lRIWh959rw,"Pr√§zisierung meiner Kritik an Audi, bzw. deren Unternehmenskultur",2021-09-24T15:00:01Z,UCddkvrnYqGRfODPMUQqisiw,3269,321,103,0,0
ZnktFt2Xi90,"STAT E-STICS #37 | Neues Elektroauto auf Tesla Basis - Hyundai IONIQ 1,2,3,4 und Polestar 3",2021-09-24T16:21:41Z,UCDDj2GWklzZ09X7R9OtsX3Q,22604,951,150,0,0
-EdWJ6kggCk,"Neues E-Auto mit Methanolbrennstoffzelle: 1,4 Millionen ‚Ç¨ F√∂rdergeld | Kontrovers | BR24",2021-09-24T09:59:46Z,UCcweJsCV2TUP_kzMX25U-oQ,31289,1085,506,0,0
Nc6RlAcJbL0,Govecs Elmoto Loop Alltagstest - die rein elektrische Motocross?,2021-09-24T15:00:12Z,UCaTyFx9Llt5nQRAFjZyowow,2647,70,9,0,0
aHiSdJz2Ip0,"eMobility update: elektrischer Porsche 718, E-Kombi aus √ñsterreich, E.On 11kw Wallbox, CityAirbus.",2021-09-24T10:00:13Z,UC_vO01sSD25a73DhoaxtZTw,4963,382,10,0,0
eFLIom1j2TI,iPhone 13 Pro Max ausgepackt & aufgeladen (Unboxing),2021-09-24T10:23:47Z,UCaTyFx9Llt5nQRAFjZyowow,12924,217,48,0,0
KoztzH_0GnI,Audi Q4 e-tron im E-Autos.de-Test #2,2021-09-24T12:24:30Z,UChmPn3UnKZG5pubr1T8MNkg,33039,158,28,0,0
0vNmzCZ7VSg,Das erste mal Elektro - Probefahrt im Hyundai Ioniq,2021-09-24T19:59:42Z,UC3Vmx53nME2xGltKMA8ETRA,4101,179,56,0,0
Gkw6BcsQ9CI,Gewinn trotz steigender CO2-Preise | Milliardengesch√§ft mit der Kohle,2021-09-24T13:30:08Z,UCaCaZ-vKtnMG2_FKmEePChQ,2601,468,103,0,0
SRMPYQWALa4,Die Siegerehrung des E-Cannonball 2021 LIVE üî¥,2021-09-25T20:54:34Z,UCSzR9ZpI6WwfB7Mtp_lKkvg,13375,811,30,0,0
O0mx6Q5xXc8,"TESLA vs. VW: Der Kampf in den USA, Gr√ºnheide: letzte H√ºrde angegangen",2021-09-25T15:00:12Z,UCpPbcfwq0wOpWrC0gBs73tQ,10968,702,60,0,0
VQf0jcyswcc,"‚ÄûFridays for Future‚Äú und Billie Eilish: Erst Klima-Demo, dann Dodge | Viertel nach Acht",2021-09-25T14:00:27Z,UC4zcMHyrT_xyWlgy5WGpFFQ,464871,16417,3723,0,0
GgnqY7pNhSc,D: Bad Neustadt a.d.Saale. Unterfranken. Eindr√ºcke aus der Stadtmitte. September 2021,2021-09-25T06:37:22Z,UC_IEHN7xM-Gr-ue_IfmKJ8g,505,13,8,0,0
twAezfkksEw,E-Cannonball Recap ‚ÄûDie Zweite‚Äú,2021-09-26T14:37:15Z,UCaCaZ-vKtnMG2_FKmEePChQ,2375,189,24,0,0
u83lz9NusrY,E-Cannonball 2021 - Recap | Zusammenfassung,2021-09-26T14:14:46Z,UCaCaZ-vKtnMG2_FKmEePChQ,2606,212,32,0,0
dDr3FC2zqdQ,Bundestagswahl: So hat Deutschland gew√§hlt,2021-09-26T22:25:42Z,UCeqKIgPQfNInOswGRWt48kQ,538630,3974,248,0,0
qp4WZl7WrF0,Deutschlandkoalition - Was bedeutet das f√ºr die Elektromobilit√§t? Womit m√ºssen wir rechnen?,2021-09-27T18:24:09Z,UCaCaZ-vKtnMG2_FKmEePChQ,4441,341,71,0,0
tAzBtERoTT4,Mit dem ELEKTROAUTO GELD VERDIENEN‚ùó‚ùì Die THG-Quote = Treibhausgasminderungsquote macht es m√∂glich!,2021-09-27T09:12:42Z,UCsNdsFTTBj5jcRJSWeJ8-Xg,10741,656,197,0,0
FqTQYhFWS_4,TESLA 4680-Zellen: Es passiert! Model Y Update China,2021-09-27T15:00:16Z,UCpPbcfwq0wOpWrC0gBs73tQ,40599,1461,56,0,0
HDke7Sv3mmU,E-Mobilit√§t Made in Germany üá©üá™- Smart EQ Konkurrenz? - e.Go Life (2021) üîã- Test in 4K,2021-09-27T23:04:07Z,UCJYHdi-7hYhEj_36aZ66Htg,9299,124,34,0,0
d0fcrYQLb9I,Das Elektro Projekt Fuer Insider Und Paten,2021-09-27T23:46:44Z,UC7hOEko3NePfjDqCXXX2cnA,1251,102,6,0,0
f5ntg4_SWec,2022 Nissan Townstar Der NV200 Nachfolger kommt auch als Elektro Hochdachkombi | Electric Drive News,2021-09-27T08:06:16Z,UCxmohYAjhc2qD5pYIOwQ3bA,7832,136,28,0,0
Ar9cbNDiNaU,Sebastian Ewert √ºber L√∂sungen f√ºr das Flottenladen von chargeBIG ‚Äì ‚Äûelectrive.net LIVE‚Äú,2021-09-27T07:00:02Z,UC_vO01sSD25a73DhoaxtZTw,786,28,2,0,0
is_PPsaCmq4,Wann kommen die ersten Flugtaxis? | Umschau | MDR,2021-09-27T14:12:04Z,UCvwE_EBBDWM552Vd9v8m9Gg,1176,15,3,0,0
FjME1NbkMqE,E-Autos: Doch nicht so klimafreundlich wie gedacht? | DW Nachrichten,2021-09-28T13:15:00Z,UCMIgOXM2JEQ2Pv2d0_PVfcg,47027,738,859,0,0
E0oAWG8LFBc,"eMobility update: Nachfolger f√ºr Nissan e-NV200, VinFast in Deutschland, Karsan Elektrobus, Fastned.",2021-09-28T10:00:11Z,UC_vO01sSD25a73DhoaxtZTw,5605,392,20,0,0
Gajhl6jcVhk,Ein gro√üer Fehler im Vorfeld der Katastrophe an der Ahr: Die Vernachl√§ssigung historischer Daten,2021-09-28T15:00:07Z,UCddkvrnYqGRfODPMUQqisiw,57062,1535,255,0,0
PU81w2zR6rk,Lithium f√ºrs E-Auto ‚Äì bald aus dem Rhein?,2021-09-28T14:00:10Z,UCpHHy2MtCnrGaE7mirEhRvg,42409,2697,622,0,0
yVTBbc134jU,Twingo E-Tech Electric | Das Stadt-Elektroauto um 11.000‚Ç¨,2021-09-28T15:24:34Z,UCDDj2GWklzZ09X7R9OtsX3Q,6907,315,80,0,0
vNYle3V2beI,Hintergr√ºnde zur THG Quote | E-Auto billiger laden dank Verbrenner,2021-09-28T13:30:11Z,UCaCaZ-vKtnMG2_FKmEePChQ,5280,405,62,0,0
Fh-af2fzIXw,Synthetische Kraftstoffe als Alternative: E-Fuels,2021-09-28T12:00:07Z,UC-S1Omp7eCCbgjgtdugCvLA,2565,39,7,0,0
6k9BcThC2Hc,Carbon mit den Autodoktoren auf der Automechnika 2021,2021-09-28T15:56:43Z,UC792Pv8QHpxcRyW0fVmpL1g,9580,204,10,0,0
00rYZ_Hvg6Q,Peter Siegert √ºber EnBW-Ladel√∂sungen f√ºr den Fuhrpark ‚Äì ‚Äûelectrive.net LIVE‚Äú,2021-09-28T06:52:45Z,UC_vO01sSD25a73DhoaxtZTw,954,42,1,0,0
xB17E3MEVbw,Schneider Electric in Sondershausen | Schneider Electric,2021-09-28T15:05:18Z,UCVPf33n1Mr9gQL9clrxj2fQ,724,,1,0,0
zTTBI4y45m8,Nachrichten der Metallbranche: Branchennews Oktober | METAL WORKS TV,2021-09-28T14:00:34Z,UC58d1qXEEKUNj5c4LxzpicQ,602,20,5,0,0
M1yct0d0-B0,Zukunft Elektromobilit√§t! Wie viel Zukunft kann man schon heute sp√ºren?,2021-09-29T16:00:14Z,UCnBlQZSUnJh3JJtyWd81l0Q,4825,139,18,0,0
jeFdUGTIkgE,Wie gr√ºn sind Elektroautos wirklich? Eine neue Studie!,2021-09-29T15:00:33Z,UCaTyFx9Llt5nQRAFjZyowow,4344,283,59,0,0
JtYYLOgw4LQ,VW Batterielabor - Exklusive Einblicke!,2021-09-29T16:12:15Z,UCBc0Mghy-6jhMXs3T7DluMg,11715,907,122,0,0
_CeQy13nskY,"Twitch Konserve: B.E.N sabbelt Elektromobilit√§t - MG Marvel R, Youtube-Verdienst, Infaulenzer, etc.",2021-09-29T18:46:27Z,UCu1ZXJ1NoD_a25ir0sJTtJQ,658,67,14,0,0
352PcZV1ork,Neuer 2022 BMW iX - Innenraum Einzelheiten & Infotainmentsystem,2021-09-29T08:13:12Z,UCTqIb5NM8J-taT-pUc6HjXg,223,5,1,0,0
qjNJkso3bL4,Tesla Model Y Akku - Wie viel kWh sind wirklich nutzbar? So geht Akku auslesen mit Scan my Tesla,2021-09-29T13:30:21Z,UCd5Jpd5473VPhNjdWMUP6tw,10774,847,69,0,0
8D8qfjZbqrE,Bedienelemente des VW ID.4 GTX und ein paar Tipps und Tricks,2021-09-29T10:05:08Z,UCtJVEkzgdY-8IuABkQbylEA,5276,109,5,0,0
wqjjJ2_fDw8,Stefan (19) crasht sein Aktienportfolio - Reaktion mit Bernd von @coinrev Finanzen,2021-09-29T18:00:29Z,UCq5m3U-xjFMAFZCS39Mi4OA,696,34,13,0,0
BTHU7j-7Zns,Welchen Informationen k√∂nnen wir trauen? - exkurs-Gespr√§ch mit Prof. Dr. Monika Taddicken,2021-09-29T11:58:11Z,UC7fX33CRXnoFVTAgSj55ZZA,722,12,1,0,0
mCLGfK8rUN0,Mit dem Elektroauto am Hotel andocken: Dr. E on tour | ADAC SE,2021-09-30T08:00:10Z,UCJTQxEGVqCFsBuHUyxgaVqQ,1001,28,1,0,0
kJ2IK97mqow,Mit Dirk Kunde vom Kanal Drehmoment unterwegs im London Elektro-Taxi LEVC TX Vista | 163 Grad,2021-09-30T09:24:26Z,UCbe4BpM5-Ta7MIlbKOofTDA,2833,191,28,0,0
qWLg1JtuSEc,"eMobility update: Lucid Air in Serie, Plug-in mit 100km E-Reichweite, Rolls-Royce rein elektrisch,GM",2021-09-30T10:00:13Z,UC_vO01sSD25a73DhoaxtZTw,5267,402,22,0,0
-9tBt98qDxU,"Breaking Elektro-News: Herbert Diess twittert, Cupra Born Serienfertigung, Mustang Mach-E R√ºckruf",2021-09-30T05:00:00Z,UCsNdsFTTBj5jcRJSWeJ8-Xg,7049,631,87,0,0
WJ9y-3UaAB4,F√ºr Neueinsteiger: Haus ohne Energiekosten,2021-09-30T18:30:10Z,UCy82YSU9FxoYhknZ4PFmjrQ,17344,312,30,0,0
vfPg7p_uU5o,"TESLA Energy: Verr√ºcktes Wachstum, Gr√ºnheide-Genehmigung & Safety Score als Game Changer",2021-09-30T15:00:38Z,UCpPbcfwq0wOpWrC0gBs73tQ,7910,594,49,0,0
E0Ijcv25tkw,Kurzversion: Was kann die EnBW mobility+ App? mit Vanessa Hindinger,2021-09-30T13:31:00Z,UCvUn_GJ9ZqsFMvLWVuqOzbg,3939,27,3,0,0
25pNmbZZ_Gs,Ank√ºndigung Lades√§ulenreport: Am 1. Oktober √ºberpr√ºfen die Breaking-Elektro-News die Auslastung!,2021-09-30T17:00:18Z,UCsNdsFTTBj5jcRJSWeJ8-Xg,2195,226,25,0,0
xFQpWFnvvgI,"Urlaub mit dem Elektroautoüîã - 723,2 km - √ºber 10 Stunden Fahrt & 6 Ladestopps - macht das Sinn‚ùì‚ùóÔ∏è",2021-09-01T15:06:59Z,UCuPH6ouleIo8IhmZy65m4pA,3312,126,43,0,0
88TbtCW9zVw,"2022 Opel Astra L (2021) * Opel Astra-e * Sitzprobe, Weltpremiere, Debut, kein Test",2021-09-01T10:30:04Z,UCAXLYcPBW3AJ52ZAhinOyFQ,85981,1905,539,0,0
jT0ioW6_Q14,Opel Astra L (2022) Die Weltpremiere des NEUEN Kompakten ab 22.500‚Ç¨! Review | Test | Hybrid | Kombi,2021-09-01T10:30:12Z,UCy9Y4en2y1eR1zwcmFkRMzg,196973,1745,377,0,0
rPebu_GmQ0M,"2022 Kia Sportage (2021) - Sitzprobe, Weltpremiere, Debut, kein Test, auf deutsch",2021-09-01T09:00:22Z,UCAXLYcPBW3AJ52ZAhinOyFQ,61729,1138,219,0,0
wf19K9y3nsM,Neuer Opel Astra wird ausschlie√ülich in R√ºsselsheim montiert | hessenschau,2021-09-01T20:04:11Z,UCPhsnKyNcH3huafz_wNG_5A,4153,69,3,0,0
iUPzfSK6-CY,√úber den Wandel und die Zukunft der Mobilit√§t -  Tour Vlog 3 | Sono Motors,2021-09-01T07:32:47Z,UCgr6ujQaJITyWAXVrHjGGWQ,3212,141,12,0,0
ny_Mtu0Yy0Y,Kia Sportage (2022) im Test: Besser als Hyundai Tucson? Review | Plug-in Hybrid | GT Line | Preis,2021-09-01T09:00:21Z,UCy9Y4en2y1eR1zwcmFkRMzg,112479,893,124,0,0
xQ2wYdI0Aac,Toyota Yaris Cross Hybrid: Kleines Allrad-SUV im ersten Test | Review | 2021,2021-09-01T15:00:28Z,UCUKYv9dpFAbuLNWIgxuQQBA,64317,541,54,0,0
ci9r3khLIGo,Der neue Audi A8 wird ein Elektroauto |¬†Audi Grandsphere Concept | Electric Drive News,2021-09-02T17:30:03Z,UCxmohYAjhc2qD5pYIOwQ3bA,1896,103,22,0,0
Plv6-_mggi4,Spart ein Elektroauto Geld? Stromer VS Verbrenner - Finanzleuchtturm,2021-09-02T16:40:54Z,UC4Cjy50GqK3_kEad_c1d9bA,296,15,14,0,0
cmM5ANWt90A,Elektroauto Tuning: Was sich dadurch wirklich √§ndert! ü§î E-Autos tunen? Tesla Model 3,2021-09-02T17:00:23Z,UC7yqj2im3lMTCEgAfLlu2XQ,569,27,7,0,0
nyutvaxSNbs,Audi Grand Sphere Concept (2021) | Ausblick auf den neuen Elektro-A8 | Sitzprobe mit Moritz Doka,2021-09-02T17:30:09Z,UCJrXOOtvmGn4CF7aYaJwuHA,59845,1074,177,0,0
CON3xd__-Zc,BMW iX: Das 5G-Auto,2021-09-02T09:00:04Z,UCX-29_jUubbuHVaOvJll94A,31056,404,233,0,0
zLkb-szbUNM,Audi Grandsphere Concept: Ist das wirklich der Luxus von morgen? ‚Äì Neuvorstellung | auto motor sport,2021-09-02T17:30:03Z,UCLINPbYQ9sy6qc-TqtBeVnw,26032,767,217,0,0
alk7bwl6A2c,Audi Grand Sphere Concept | Die Zukunft von Audi | Daniel Abt,2021-09-02T17:30:00Z,UCBgGAiEQQjRNRaTNmHQ9SUw,171430,8008,593,0,0
qA8fMIovPvE,Der neue vollelektrische BMW iX3 mit Amazon Alexa.,2021-09-02T10:42:10Z,UC2e5-MJewCK36FRpFF8Ke2A,591083,128,37,0,0
E4TYWXx5Ihc,≈†koda Enyaq iV 80: Das Familien-E-Auto ‚Äì Teil 1/2,2021-09-02T18:00:04Z,UC6hv0QC9E5-bcUxc3rBGOOQ,6647,148,4,0,0
of4MixTgKnw,"Der NEUE KIA Sportage (1.6 TGDi, 180PS) | Auch 2022 noch als DIESEL! | ERSTEINDRUCK",2021-09-02T14:00:31Z,UCzyBlIm4NE2ch85fY3Y4cOA,37658,453,68,0,0
JjAie2BflHg,Tesla: Elektroauto f√ºr 25.000 Dollar in 2 Varianten & Zeitplan,2021-09-03T15:00:10Z,UCpPbcfwq0wOpWrC0gBs73tQ,31514,946,105,0,0
s3Z1WM4njI0,Ford Mustang Mach E AWD Probefahrt First Edition Elektroauto,2021-09-03T16:00:23Z,UCqjP7HNnwhSyrSi9IfE-oQA,1712,51,10,0,0
21Aw5_cIwvI,Opel Astra (2022): Ist das der neue K√∂nig unter den Kompakten? ‚Äì Neuvorstellung | auto motor sport,2021-09-03T14:00:01Z,UCLINPbYQ9sy6qc-TqtBeVnw,58754,1072,333,0,0
eadyNAhAaDA,Dacia Jogger (2022) |¬†Hybrid-Crossover ersetzt Lodgy und Logan MCV |¬†Sitzprobe mit Moritz Doka,2021-09-03T08:01:51Z,UCJrXOOtvmGn4CF7aYaJwuHA,588539,5705,718,0,0
KXOQi7_IYmY,"WELTPREMIERE DACIA JOGGER Freitag, 3. September 2021, um 10 Uhr (CET)",2021-09-03T08:18:59Z,UCjpe-FourUgOLzzPu9qV4qg,14725,129,24,0,0
QXy3glRa_kA,Peugeot e208 GT   Elektroauto Reichweiten H√§rtetest bei 135 km h auf der Autobahn,2021-09-04T11:18:15Z,UCw3hxTuZiV3sx2JWWg272yA,92,4,2,0,0
0jfN0xTT_9s,Mein Neues Elektroauto - üöò statt Tesla Model S Performance - pro & contra eines Wechsels‚ùóÔ∏è,2021-09-04T06:03:08Z,UCuPH6ouleIo8IhmZy65m4pA,5062,237,84,0,0
AZ5seZPD74c,E-AUTO SPEZIAL #5: KOSTEN! Wie g√ºnstig ist Holger mit seinem Elektro-Kona tats√§chlich unterwegs? üí∂ ü§Ø,2021-09-05T08:21:30Z,UCcnmNzv0yEEYPM6Oa86unhQ,198401,8538,2877,0,0
Y6fTgS2y10Q,Mercedes Benz EQE (2022) Ich zeige euch die elektrische E-Klasse! Review | Test | Reichweite | Preis,2021-09-05T16:00:14Z,UCy9Y4en2y1eR1zwcmFkRMzg,34440,523,91,0,0
Yt68GxBKKlo,Laden so schnell wie Tanken. GAC stellt E-Auto mit Graphen-Akku vor das 2.500km/h laden kann.,2021-09-05T18:18:39Z,UCf3enJ3vAEW57CMRV3sScBQ,56472,1470,113,0,0
6UIzIT84Xhg,Mercedes-AMG EQS 53 4Matic+ (2022) |¬†Der erste voll elektrische AMG |¬†Sitzprobe mit Moritz Doka,2021-09-05T16:00:07Z,UCJrXOOtvmGn4CF7aYaJwuHA,190517,3534,531,0,0
BFfafmamVw8,Seat verr√§t Neues zum MEB-Elektroauto Cupra Born,2021-09-05T16:00:08Z,UCb0TzDxSishCfPBaxrfLPMA,1418,13,1,0,0
9oNGokvITqI,Mercedes Concept EQG (2021) |¬†Die Mercedes G-Klasse wird elektrisch |¬†Vorstellung mit Jan G√∂tze,2021-09-05T17:32:46Z,UCJrXOOtvmGn4CF7aYaJwuHA,55878,1067,203,0,0
VUMbIArzaRY,Erster Blick auf den VW ID. Buzz (2022) Ist DAS die Zukunft der Mobilit√§t?! Test | autonomes Fahren,2021-09-05T20:00:11Z,UCy9Y4en2y1eR1zwcmFkRMzg,77639,702,137,0,0
7dFlyx6N6pY,Mercedes EQE (2021) |¬†Erster Check im neuen EQE |¬†Sitzprobe mit Moritz Doka,2021-09-05T16:00:04Z,UCJrXOOtvmGn4CF7aYaJwuHA,99763,1546,396,0,0
c6L-g20wj74,"üöú Kinder Elektroautos im Test-Parcour mit ""Laborratten"" Fritzi und Tamme | üì∑ Wildkamera-Vergleich",2021-09-05T13:47:59Z,UC2DelT7KbkxoG9cJuLlMs3g,230,10,19,0,0
LwgfV4SHieA,Mercedes EQG - Elektrische G-Klasse f√ºr die man Karmapunkte opfern w√ºrde,2021-09-05T16:30:02Z,UCiZnK4X73okItJqaCs2YDOQ,92819,5376,733,0,0
STpc7gZbjb8,Mercedes EQE - Hat der Potenzial zum besten Mittelklasse Elektro?,2021-09-05T16:00:19Z,UCiZnK4X73okItJqaCs2YDOQ,110589,5877,713,0,0
ssIkaFtZgH8,E-SCOOTER FAHREN üõ¥ Neuer! Gr√∂√üer! Schneller - mit dem Elektroroller MegaWheels Scooter S10BK,2021-09-05T09:00:20Z,UC40xkOfqcILW34IlfyGLMCQ,140704,885,81,0,0
Dc0DmEv2N78,T&Etalk: Spezialgast Tesla Model Y im Vergleich zum Model 3,2021-09-05T19:36:37Z,UCqQGYPEU7DiNA6bUUmehb8g,4154,236,20,0,0
-TMmvrG-_xg,Ora Cat: Elektroauto aus China im ersten Check | Review | Sitzprobe | 2021,2021-09-06T08:30:01Z,UCUKYv9dpFAbuLNWIgxuQQBA,14839,288,47,0,0
tRgz-xKUduI,Renault M√©gane E-Tech Electric (2022) |¬†Erster Check im Elektro-M√©gane |¬†Sitzprobe mit Moritz Doka,2021-09-06T07:15:01Z,UCJrXOOtvmGn4CF7aYaJwuHA,117907,1894,189,0,0
QmDkzo83Ppc,Darum macht ein Elektroauto Sinn ;),2021-09-06T16:55:55Z,UCLl58-a6yGI5V_jiYVWZm9g,1830,67,20,0,0
EcBc3xjchqI,Smart Concept #1 (2022) |¬†Smart zeigt Studie zum ersten SUV |¬†Vorstellung mit Conny Poltersdorf,2021-09-06T12:00:06Z,UCJrXOOtvmGn4CF7aYaJwuHA,25621,310,86,0,0
e9S0nh5piSY,Folge 1 | Die Rohstoffe ‚Äì M√ºssen Kinder in Afrika f√ºr unsere Elektroautos sterben?,2021-09-06T13:00:30Z,UC9Myw7U_bMdDpFL_-jkh3Dw,149,5,1,0,0
R0Zn3ww5iqo,VW ID.Life (2021) |¬†Wird der ID.Life der neue ID.1? |¬†Vorstellung mit Dennis Petermann,2021-09-06T15:42:08Z,UCJrXOOtvmGn4CF7aYaJwuHA,42675,674,242,0,0
NZHdkMVPexo,Wey Coffee 01: Premium-Hybrid SUV aus China mit 150 km elektrischer Reichweite | Review | 2021,2021-09-06T09:00:12Z,UCUKYv9dpFAbuLNWIgxuQQBA,15057,248,41,0,0
J-tEOUErKkI,Renault M√©gane E-tech Electric: Neue Konkurrenz f√ºr VW ID.4 und Co. | IAA | auto motor und sport,2021-09-06T17:00:10Z,UCLINPbYQ9sy6qc-TqtBeVnw,46483,984,352,0,0
RUbfQIzfLHA,BMW i Vision Circular (2021) |¬†Das nachhaltige Auto von morgen |¬†Neuvorstellung,2021-09-06T07:30:02Z,UCJrXOOtvmGn4CF7aYaJwuHA,16422,304,74,0,0
7PiiefkNJIw,Smart Concept #1 (2022) Sieht SO die Zukunft der Mobilit√§t aus?! Review | Test | Innenraum | SUV,2021-09-06T17:41:10Z,UCy9Y4en2y1eR1zwcmFkRMzg,11886,263,65,0,0
UUJ8rHU6Iko,JP Performance - Sind das wirklich 1000 PS?! | Ferrari SF90 Felgen & Federn,2021-09-06T09:30:03Z,UC1-VOKyTJrgLiBeiJqzeIUQ,1019468,29094,2095,0,0
pXOLEPv7L9o,Entdeckt unseren neuen vollelektrischen EQE,2021-09-06T17:17:49Z,UCVxun8KIhpt4ebkA5QAHljA,4533,134,16,0,0
B3_Oe0piAt0,Braucht man eine Wallbox? Wie wir unser Elektroauto zuhause laden.,2021-09-07T18:02:41Z,UCb0BvamKxxSvs1CtZThRuiA,10638,236,71,0,0
Zim0PP5xZA8,Neuheit: Microlino 2.0 | Schweizer Flitzer jetzt als SerienModell **IAA 2021** E-Auto,2021-09-07T07:41:53Z,UCiTaCUT4f6gaQhQ70ZpQyxg,11746,193,27,0,0
coB90SajsUs,"Erster AMG-Stromer, EQE, elektrische G-Klasse: Mercedes-Highlights auf der IAA | auto motor sport",2021-09-07T14:00:25Z,UCLINPbYQ9sy6qc-TqtBeVnw,28827,698,189,0,0
jdrNapJPW64,"Der ""Ora Cat"": Gro√üer Akku - Premium Interieur - kleiner Preis.",2021-09-07T14:25:15Z,UCiZnK4X73okItJqaCs2YDOQ,158367,6808,1250,0,0
Kz5DTzBrGp4,Skoda Enyaq Coupe iV 80 (2022) im Test! Besser als VW ID.5? Fahrbericht | Review | Reichweite |Preis,2021-09-07T11:58:29Z,UCy9Y4en2y1eR1zwcmFkRMzg,15853,217,40,0,0
24twGE0G0D0,VW ID. Life: So soll der ID. 2 aussehen? | IAA | auto motor und sport,2021-09-07T09:00:03Z,UCLINPbYQ9sy6qc-TqtBeVnw,23899,625,210,0,0
0RUL2sTZQIA,"Exklusive Neuvorstellung - Der ORA CAT - Wir checken den ""urban-progressiven E-Flitzer"" aus China",2021-09-07T07:50:08Z,UCVKe3-5kQRddaOHTdn-_Qbw,22774,442,87,0,0
qLFCS1lx96w,"Der Kia EV6 im Open Space - Die IAA 2021 ""selbst erleben"" [4K] - Autophorie",2021-09-07T15:00:21Z,UCllHFziN2zWOQ2yvbejyH0A,5298,118,21,0,0
HI2dbJAQnvg,"IAA Mobility 2021 |¬†Gef√§llt uns, gef√§llt uns nicht |¬†Die Tops & Flops der Messe",2021-09-07T11:00:03Z,UCJrXOOtvmGn4CF7aYaJwuHA,89080,1154,279,0,0
3aMxvP9eGtc,"2021 Wey Coffee 01 PHEV - Mittelklasse-SUV - Sitzprobe, Premiere, kein Test",2021-09-07T14:45:23Z,UCAXLYcPBW3AJ52ZAhinOyFQ,23032,660,110,0,0
8bi57cOuTOY,XEV Yoyo: Elektroauto als Alternative zur Vespa? Der Italiener im ersten Check | Review | 2021,2021-09-08T11:21:06Z,UCUKYv9dpFAbuLNWIgxuQQBA,66263,982,82,0,0
QbF7TRarP4k,Wohnwagen f√ºr Elektroauto unter 1000kg 1t mit WC / Dusche auf der Caravan Messe 2021 D√ºsseldorf,2021-09-08T17:29:21Z,UCch0rVLkV6JcjWCsVgj7zSQ,854,21,14,0,0
IaDP59XHKfI,‚ö°Ô∏è‚ö°Ô∏è‚ö°Ô∏è 2021 Ora Cat One - Elektrische Golf-Klasse f√ºr 30.000 Euro,2021-09-08T15:58:44Z,UCAXLYcPBW3AJ52ZAhinOyFQ,10610,385,81,0,0
7JKRlx4OFx0,Entdeckt unseren neuen vollelektrischen Concept Mercedes-Maybach EQS.,2021-09-08T17:19:23Z,UCVxun8KIhpt4ebkA5QAHljA,4584,89,11,0,0
aW6H5Wfxf2c,Elektroauto ohne Vorkenntnisse: Hat alles geklappt? E-Mobilit√§t | E-Auto Probleme,2021-09-09T17:00:01Z,UC7yqj2im3lMTCEgAfLlu2XQ,342,18,14,0,0
SYRzwOzO4fw,Tesla Model Y Long Range - Reichweiten-Check bei 130 kmh - inkl. einer m√ºden Ladekurve,2021-09-09T14:00:11Z,UCd5Jpd5473VPhNjdWMUP6tw,44108,1787,378,0,0
ddWmuCIAgbA,E-Legend EL1 (2021) |¬†Elektrischer Audi Sport quattro mit 816 PS |¬†Vorstellung mit Andreas Huber,2021-09-09T16:00:31Z,UCJrXOOtvmGn4CF7aYaJwuHA,26537,572,89,0,0
oqcCs5I0QNg,#Hyundai bei der Hoppmann Autowelt in Neunkirchen!,2021-09-09T13:34:17Z,UCpoalFzCr5KoJphIfPs5-Cg,128523,15,1,0,0
--B5S6ogkIE,Photovoltaikanlage mit Cloud Speicher - M√∂glichkeiten und Risiken der vernetzten Schwarmspeicher,2021-09-09T15:45:00Z,UC-k-5F2j4CUzuwkx1QLRlpA,35638,1374,99,0,0
w6avKZsBSuE,Der neue Renault Megane E-Tech 100% elektrisch,2021-09-09T10:05:37Z,UCbDG914p1pzNHiXughxCZGg,7001,69,5,0,0
p7Tz1xb4eBg,VW ohne frische Ideen? Urban Mobility auf der IAA 2021 / Es gibt gute Konzepte f√ºr die Zukunft!,2021-09-09T13:21:06Z,UCcftUjNsimynCrKGFolLRKQ,2914,132,17,0,0
pj_Ve3PIKJc,Windschatten Verbrauch hinter LKW mit Elektroauto Tesla Model 3 SR+ LFP - Macht das √ºberhaupt Sinn?,2021-09-10T17:45:01Z,UCch0rVLkV6JcjWCsVgj7zSQ,1504,49,18,0,0
75nsoieuiPk,"STAT E-STICS #35 | Elektroauto-News von der IAA 2021 ‚Äì Mercedes, VW, Renault + gratis Ladestationen",2021-09-10T16:11:17Z,UCDDj2GWklzZ09X7R9OtsX3Q,4007,308,21,0,0
SvvsNj0nTow,Wieviel Liter Benzin verbraucht ein Elektroauto? Bsp. Tesla Model 3 & wieviel Liter habe ich dabei?,2021-09-10T04:57:40Z,UCf6kkAGiOV_azeGaZ_gKVLQ,429,47,23,0,0
Y4-nhUp1cTk,Wey Coffee 01 (2021) |¬†Hybrid-SUV mit enormer E-Reichweite¬†|¬†Vorstellung mit Andreas Huber,2021-09-10T16:00:15Z,UCJrXOOtvmGn4CF7aYaJwuHA,24095,458,91,0,0
em4I4V-AvBo,Record Lap Nordschleife | Tesla Model S Plaid,2021-09-10T13:52:40Z,UCRQLWinBTMQbtvHysTB9W0Q,562801,9710,3751,0,0
MOJNAb-GerI,Peugeot e-Traveller (75 kWh): Elektro-Van als Alternative zum VW Bus? Test | Review | 2021,2021-09-10T10:05:35Z,UCUKYv9dpFAbuLNWIgxuQQBA,9756,141,22,0,0
_tCXsuBVO50,KƒÄ ELEKTRO AUTO INVƒÄZIJA MAINƒ™S BENDZƒ™NGALVU IZKLAIDES?,2021-09-10T15:11:33Z,UC7A5VOGcQ0Wrc-T1M88289w,4188,160,3,0,0
k-YJprsY33U,Ora Cat (2021) WAS kann die Elektro-Kompaktklasse ab 20.000‚Ç¨?! üò± Review | Test | Reichweite | EV,2021-09-10T12:32:08Z,UCy9Y4en2y1eR1zwcmFkRMzg,22309,1235,128,0,0
e5CHZ2S1FUE,TOP SECRET: Shanias erstes Auto üöô   I  Die Geissens,2021-09-10T16:00:23Z,UClVWVXKVaMCs2FTBE6xo1ww,433616,9234,340,0,0
vtJPomV8xyU,Jean Pierre Kraemer zeigt Audi E-Tron GT RS,2021-09-10T15:15:05Z,UCO7xJhwYiWAxhzSxtgZ_U2A,1788,24,3,0,0
UFfW9XPnlCU,"Tesla als ""Muscle Car"", Verbrenner Verbot USA & Schweden-Zahlen",2021-09-10T15:00:16Z,UCpPbcfwq0wOpWrC0gBs73tQ,5549,443,79,0,0
ltmlgjnA5N0,Elektroauto Dacia Spring Autobahn Reichweitentest! Was schafft er wirklich?,2021-09-11T08:00:09Z,UCVUBc0WF5X-w3T8s6Wyx-jw,31406,847,225,0,0
WLVioYkZP0E,Ein Elektroauto f√ºr jedermann erschwinglich!,2021-09-11T10:03:57Z,UCoYwPUoAAWQwG26gzwPlAqQ,1079,38,17,0,0
wQwOTirEq8M,Aiways U5 Elektroauto im Gewitter laden,2021-09-11T11:58:52Z,UCSvDcjjr5OpGQvWXoyNbo6g,662,3,3,0,0
VaDnskyVxRA,Ora Cat (2021) |¬†Kompakter E-Flitzer aus China startet in Europa¬†|¬†Vorstellung mit Jan G√∂tze,2021-09-11T16:00:29Z,UCJrXOOtvmGn4CF7aYaJwuHA,21219,412,95,0,0
Pjj6AJr_Gzk,XBUS besser als der SION ? / ElectricBrands / Classic-Remise Berlin / 11.09.2021 / 4k / deutsch,2021-09-11T23:40:26Z,UCuHp0PPmcHotQyd_Tj3XC6Q,123143,1993,310,0,0
0MjQzfipZqM,Niemand hat die Absicht einen Verbrenner zu bauen - IAA 2021,2021-09-11T06:00:01Z,UCBc0Mghy-6jhMXs3T7DluMg,12332,857,114,0,0
UeqxMcc7-PM,Model Y LR | Qualit√§t aus China & Autopilot in Deutschland?,2021-09-11T06:30:07Z,UCNQcvWs4fWU8FhUFXHoGINw,3152,257,19,0,0
i-JynESogEM,Die neue Elektroauto-Pr√§mie: 50% staatliche F√∂rderung vom Kaufpreis erstattet bekommen!,2021-09-12T14:34:05Z,UCJHSekdpEarfD2bp0jkt1pg,244,14,2,0,0
gBkaCK7es88,F√ºr Umsteiger auf's Elektroauto: Positive und negative Seiten ehrlich erkl√§rt,2021-09-12T16:45:00Z,UCwWywgs5YJsI0gMgjdecpYA,163,16,8,0,0
pfJPA9rlZsA,Lithium-Luft Akku - 3000 km mit dem E-Auto ?,2021-09-12T07:00:16Z,UCaWbn671XbI1GLTgndyI7gQ,92008,3351,258,0,0
yyEWNeFQkxk,Mehr als nur ein City-Stromer? üîã Peugeot e-208 GT Pack (100 kW) [4K] - Autophorie,2021-09-12T16:00:23Z,UCllHFziN2zWOQ2yvbejyH0A,18310,369,49,0,0
q0XzLj9dB6I,Teslas neuer Waschanlagenmodus üí¶ #shorts,2021-09-12T13:00:29Z,UCM1jNA8DM90LE4ywxBe8RmA,980705,28003,394,0,0
CVNV8GmELzs,B.E.N-Challenge: 1.000 Kilometer VW ID.4 vs. Ford Mustang Mach-E oder Himmelman(n) vs. Anchorman,2021-09-12T18:13:53Z,UCu1ZXJ1NoD_a25ir0sJTtJQ,2507,216,1,0,0
s4Wi9V0ezH8,B.E.N-Challenge: 1.000 Kilometer VW ID.4 vs. Ford Mustang Mach-E oder Himmelman(n) vs. Anchorman,2021-09-12T17:04:27Z,UCu1ZXJ1NoD_a25ir0sJTtJQ,4759,260,4,0,0
W1rlSlzs8BQ,Kia e-Soul (2021) - GEHEIMTIPP oder der Multipla unter den E-Autos?,2021-09-12T07:30:03Z,UCdF4z_2Q02q81AK-Xq2_5Rg,18662,643,160,0,0
1XQQFmk1eis,BYD Aktie News! BYD Aktie kaufen? China Aktien 2021,2021-09-12T12:41:11Z,UC4jNfy7paAdsCmKhKu4WHcA,905,62,2,0,0
5TwgXsc25YQ,Wenn man als Youtuber wie ein Opa ist und versehentlich online geht...,2021-09-12T20:30:02Z,UCiZnK4X73okItJqaCs2YDOQ,42671,2079,169,0,0
T7a7YhBhl_A,Nio ET7: Premium-Elektroauto kommt 2022 nach Deutschland. Erster Check | Review | Feststoffbatterie,2021-09-13T15:00:11Z,UCUKYv9dpFAbuLNWIgxuQQBA,54449,654,87,0,0
oVTuLVlr-ww,Ladeflatrate f√ºr Elektroautos? JUCR vs. ELVAH! Lades√§ulen Flatrate Vorstellung | Electric Drive News,2021-09-13T10:00:18Z,UCxmohYAjhc2qD5pYIOwQ3bA,5950,173,69,0,0
Rw7nEu2OezQ,Elektroauto Tipp&Tricks Shorty #3 Welches Auto passt zu mir? Wie plane ich eine Reise? Tesla Model 3,2021-09-13T18:00:16Z,UCch0rVLkV6JcjWCsVgj7zSQ,154,11,2,0,0
oxjs16qdXqk,Wasserstoff Elektro Auto Toyota Mirai - Probefahrt am Friedensengel - IAA 2021,2021-09-13T14:36:21Z,UC36ZYeF8A-9iR_pHdNgNigg,392,17,2,0,0
krRzH0myAOc,Wie der Lithium-Ionen-Akku funktioniert | Terra X plus,2021-09-13T13:00:33Z,UCP8e6wK18jJNdJpKkeQDlsA,44916,1555,175,0,0
cMzceQNFYOw,Bundestagswahl: Darum w√§hlen junge Leute kleine Parteien I ZoomIn,2021-09-13T14:30:06Z,UCeqKIgPQfNInOswGRWt48kQ,217851,4272,2244,0,0
Wr-Jwl-5Avk,Mercedes Benz EQE im Test (2021) Wie GUT ist er wirklich?! Review | Reichweite | Laden | Preis | POV,2021-09-13T16:23:12Z,UCy9Y4en2y1eR1zwcmFkRMzg,15551,269,45,0,0
qBZhnkbO3ww,Jeder will ein Elektroauto | Dokumentation | Umweltschutz | E-Autos | Zukunft,2021-09-14T16:00:38Z,UCuoXcOXuRIcurml0IpxktCQ,1846,21,22,0,0
R3qS0sk5Bj0,BMW i3S Erfahrungsbericht. Ist das Elektroauto 2021 noch aktuell?,2021-09-14T15:29:13Z,UCVUBc0WF5X-w3T8s6Wyx-jw,20624,427,126,0,0
nuZQ4QQm4R0,Kia EV6 (2021) |¬†So f√§hrt Kias neuer E-Crossover |¬†Fahrt mit Dennis Petermann,2021-09-14T16:00:22Z,UCJrXOOtvmGn4CF7aYaJwuHA,75511,705,83,0,0
qSjWijVovxU,Elektroauto Ladepark Nordpark Hilden - Tesla Supercharger mit B√§cker und Salatbar,2021-09-14T06:08:14Z,UCpYv4k7b4X5x65_6Qvcijqw,285,5,1,0,0
GYH8WdxIJwU,Elektroauto? Mittelklasse-SUV? 400km Reichweite? Unter 35.000 Euro? Kann der 2021 Aiways U5 Premium,2021-09-14T19:17:39Z,UCsLOtn32074H9Qxy7gjr2LQ,3358,190,40,0,0
eJX64WWNNXI,#LEW k√ºndigt Elektroauto Flat #Monatsflat S - Welche #Alternativen werden Angeboten?,2021-09-14T06:16:16Z,UC9CF9a_Ztq9GPBkGrNfuesQ,51,0,1,0,0
lSbGGeHGP9I,"Probefahrt Tesla Model Y - mit √ºberraschendem Fazit, was mich sehr verwundert hat !!",2021-09-14T18:23:41Z,UC5bFzrX6CioylX4Yzr06noQ,8697,512,278,0,0
mMwCfz-wrnQ,Verbrenner brennen anders als Elektroautos und √∂fter,2021-09-14T22:00:47Z,UCf6kkAGiOV_azeGaZ_gKVLQ,238,11,3,0,0
qqqm0RIAyms,Sendung vom 14. September 2021 | Marktcheck SWR,2021-09-14T18:15:03Z,UCxec_VgCE-5DUZ8MocKbEdg,51192,619,242,0,0
SzxjbsSTzQ0,"Tesla Model Y und 3  - Die Neuerungen im Quartal 4/2021: Model Y SR+, LR 82 kWh, neuer 60 kWh LFP",2021-09-14T20:38:13Z,UCasePAQ_q7tbUGybICCj4NQ,13863,728,112,0,0
uvIPJx3kYzo,Elektroauto Sion (Sono Motors) mit Solarzellen muss nicht geladen werden,2021-09-15T11:00:16Z,UCpYv4k7b4X5x65_6Qvcijqw,1660,28,15,0,0
LjpSeFFVwwo,15% Stromer im August zugelassen / Batteriewerk GF4 / NHTSA will mehr Daten / Laser-Scheibenwischer,2021-09-15T18:02:08Z,UCP1ZmU7-oVi8dMhbCEbAD3Q,4541,527,32,0,0
66P7lyusr1I,VW ID Life - Autokino f√ºr 20.000 Euro!,2021-09-15T15:00:03Z,UCBc0Mghy-6jhMXs3T7DluMg,16126,601,139,0,0
ZSd4ib1twoY,"Skoda ENYAQ iV 80 - Das tschechische Elektro SUV 2021 - Test, Review, POV",2021-09-15T16:55:35Z,UCEIpQSFT56hXhH2SEwuqX4Q,22650,566,67,0,0
HgUljhL6ggU,Tesla Model 3 SR+ LFP Verbrauchsfahrt bei konstant 120kmh im Mittelgebirge +260Hm -180Hm hin&zur√ºck,2021-09-15T18:00:11Z,UCch0rVLkV6JcjWCsVgj7zSQ,2344,58,6,0,0
P-WAXnAsm1g,"eMobility update: Innovationspr√§mie bis 2025 , Tier bietet E-Bikes, Induktives Laden, E-Roller-Aus",2021-09-15T10:00:10Z,UC_vO01sSD25a73DhoaxtZTw,6591,471,34,0,0
Qz6PTwzCr-4,Actionbikes Motor Jeep Wrangler Kinder Elektroauto von Miweba zusammenbauen,2021-09-16T12:00:11Z,UCUde61IAytg148lH2pt9KZA,2069,29,4,0,0
VPcnjNVvyqo,"Wirklich gut, patzt aber in einem Punkt: Hyundai Ioniq 5 im E-Auto Supertest - Bloch erkl√§rt #157",2021-09-16T14:00:11Z,UCLINPbYQ9sy6qc-TqtBeVnw,349860,4791,1014,0,0
gjuGCreHcgc,Mobile Ladestationen f√ºr Dein Elektroauto im Vergleich | go-eCharger | NRGkick | Juice Booster,2021-09-16T12:55:18Z,UCAQuHrexc0RAupPSI5UiXBw,10170,144,8,0,0
OvVge65-EWM,GERICHTSURTEIL zum ELEKTROAUTO-LADETARIFDSCHUNGEL: Landgericht Karlsruhe haut ENBW auf die Finger‚ùó,2021-09-16T12:26:19Z,UCsNdsFTTBj5jcRJSWeJ8-Xg,7972,827,93,0,0
nw4FyKgez2U,Mit dem Elektroauto in den Urlaub,2021-09-16T22:24:20Z,UCSQh8y3UufLXzNE0wW_AKmw,6222,159,34,0,0
Kl7CA0GfRyU,Millionenschaden! Steuerzahlerbund fordert Stopp der Elektroauto Pr√§mien,2021-09-16T07:00:05Z,UCXpvI8jeu166he5e_Emo2ig,50067,5340,345,0,0
tK-64O1ldlc,"Elektroauto-Preiskampf in China beginnt, FSD-Update & Tesla-Dominanz auf US-Markt",2021-09-16T15:00:13Z,UCpPbcfwq0wOpWrC0gBs73tQ,8043,554,44,0,0
Pm_Og0a_tIQ,Hyundai IONIQ 5 Elektroauto Gras Grip Check Allrad EV E-Auto Test Fahrt,2021-09-16T17:00:11Z,UCoWVIxHYxXrkiW780PfVvyA,97,6,1,0,0
Qfomc0dh54Y,Ist der Hyundai IONIQ 5 das beste Elektroauto?! (4K UHD) | Cars & Cakes,2021-09-16T17:25:49Z,UC8bM17IbB3RHf0x8LEfM_Ew,6092,133,9,0,0
SuHcEH8mNBk,QualitaÃàt Check    Das guÃànstigste Elektroauto unter die Lupe genommen1,2021-09-16T19:22:33Z,UCIlHdx04yBDz1ZZJNOyielA,344,2,4,0,0
wTCiX4aRSkQ,2022 Renault Megane E-Tech - INTERIOR and Exterior,2021-09-16T22:40:07Z,UC6vHii6-kLNzIwaaTfZO3gA,39897,375,17,0,0
LyLvobKrSww,Tesla Model 3 - Alle Defekte nach 100.000 km,2021-09-16T14:00:07Z,UChjA0Vy8gClgOU9W1ttvt8w,30876,1466,146,0,0
5KRx6y8iqYU,Ford S-Max Hybrid: Wie sparsam ist der elektrifizierte Van? Test | Review | 2021,2021-09-16T15:00:04Z,UCUKYv9dpFAbuLNWIgxuQQBA,24820,301,70,0,0
3eWONo6zPho,Fortnite ABER ICH sp√ºre ECHTE SCHMERZEN.. (Elektro Anzug),2021-09-16T12:51:12Z,UCbXZYanZEfJ1xzwFcBOGm3Q,530821,32347,788,0,0
8YNdS9l6dC0,"Breaking Elektro-News: Produktionsstart bei RIVIAN, Frankfurt steht auf der Leitung, EnBW liefert ab",2021-09-16T05:00:07Z,UCsNdsFTTBj5jcRJSWeJ8-Xg,6241,577,76,0,0
wV7ADTnb_AQ,Schweiz Roadtrip zum Blausee - Thun im Elektroauto,2021-09-17T09:00:35Z,UCVUBc0WF5X-w3T8s6Wyx-jw,7411,460,150,0,0
t_mH4sHL94o,Elektroauto zuhause aufladen ‚Äì Teil 2: Mennekes erkl√§rt die Technik einer Wallbox,2021-09-17T11:00:36Z,UCuAoYLGCCtkXz0xKuM1MUTQ,9669,243,17,0,0
roh4PQzyc_k,300 km Roadtrip mit vielen Zwischenstops mit dem Audi E-Tron,2021-09-17T15:00:26Z,UCddkvrnYqGRfODPMUQqisiw,2122,94,18,0,0
yzxJ_Bxo4qY,erstes  ELEKTRO-AUTO repariert ü§ëüèéÔ∏è Auto Mechaniker Simulator 2021,2021-09-17T12:00:29Z,UCdy7WQCfDhHmeIC7_Gv3FDw,5866,327,13,0,0
94q9vHpMPbs,DIY dreist√∂ckige Rennbahn f√ºr Autos üèé,2021-09-17T08:00:05Z,UCKTxEWvaNcCJP4lH8lsJdPg,50693,1573,26,0,0
YhoYlwkja3A,1000 km im VW ID.3 PRO S: F√ºr Wincent Weiss kein Problem! ED 1000 |  ID.3 Langstrecken Test,2021-09-17T10:00:30Z,UCxmohYAjhc2qD5pYIOwQ3bA,10676,230,10,0,0
W4GHkM4FY-I,Opel Manta GSE: So f√§hrt der handgeschaltene Elektro Manta,2021-09-17T14:40:30Z,UCiZnK4X73okItJqaCs2YDOQ,76639,4860,612,0,0
BLKA9igW1kA,100 MYSTERY BUTTONS! Nur der richtige Knopf l√§sst dich entkommen!,2021-09-17T12:00:10Z,UCCtF3EF0V6L4DtdcYyAETbg,447393,5328,203,0,0
yOJ2_l0bvG8,Der neue Honda HR-V e:HEV - Sneak Preview,2021-09-17T11:17:01Z,UCbS4nCzoqOrJBAIYLIFCt3A,18501,185,11,0,0
ybTHWzmlw70,"Vier R√§der, sie zu knechten! | ZDF Magazin Royale",2021-09-17T21:00:33Z,UCNNEMxGKV1LsKZRt4vaIbvw,1414581,45758,4090,0,0
nqF9chK05YM,"Jan B√∂hmermann - ""Warum h√∂rt der Fahrradweg einfach hier auf?"" | ZDF Magazin Royale",2021-09-17T18:00:16Z,UCNNEMxGKV1LsKZRt4vaIbvw,586868,22971,1621,0,0
wNsS4Ru8FDk,"Wann lohnt sich ein Elektroauto?  (Reichweite, Preis, Laden)",2021-09-18T15:00:23Z,UCNeBWn4J2jco5GbRo5Wd27A,427,23,1,0,0
zCbek6wr9OI,100 000km im Twizy geht das?,2021-09-18T17:04:13Z,UCuYmC_tsAI6ln_saoBHxTKQ,910,38,19,0,0
6-5OQbDCw4o,Totalausfall beim ersten Mal Elektroauto?,2021-09-19T15:00:06Z,UCM9AC2_3vWEN2vPoUqs6SqA,30739,667,341,0,0
rvPHZ2HVGwc,"F√ºr Umsteiger auf's Elektroauto: Die Langstrecke mit dem Elektroauto | Was ist gut, was nicht?",2021-09-19T16:45:03Z,UCwWywgs5YJsI0gMgjdecpYA,303,19,13,0,0
AYfaR1F6yP8,"Elektroauto explodiert auf A8 | Charente Maritime, Frankreich",2021-09-19T12:26:36Z,UC3cxwOIg6IA-BcJSanJPiQA,2249,17,19,0,0
um1hYq8Q-Mc,1.700km in 21 STUNDEN! ‚ö°Ô∏è - MODEL Y Roadtrip nach Rum√§nien,2021-09-19T14:00:20Z,UC7gqKyCHYENWESm3mGcJO5A,57765,2165,247,0,0
hHd5QJudzgc,Meine Top 5 Nachteile von Elektroautos!,2021-09-19T08:00:13Z,UC81R4gy-4qqoV6l6OUpDeIg,468,19,3,0,0
gB_WO65_AVU,"Elektroauto Tipps&Tricks Shorty #5 Punkte Sammeln war gestern, heute sammelt man km & l√§dt kostenlos",2021-09-19T18:00:10Z,UCch0rVLkV6JcjWCsVgj7zSQ,202,9,2,0,0
NcUMUcN16Zc,Ende dem Ladechaos? Nur noch die EC-Karte?,2021-09-19T22:24:32Z,UCf3enJ3vAEW57CMRV3sScBQ,3918,314,62,0,0
VPtkaJ9rnxA,"So seid Ihr beim E-Cannonball 2021 Live dabei - alle Infos zu Start, Ziel und Teilnehmern - 163 Grad",2021-09-19T15:43:22Z,UCbe4BpM5-Ta7MIlbKOofTDA,3902,323,48,0,0
hxS2VqZu8Gs,345km Fahrt mit dem Elektroauto Kona ohne zu laden,2021-09-20T19:45:13Z,UCutIwx9xZ80MlO_xqE9n_fw,589,35,6,0,0
1DhjSGvuJZU,Liegen geblieben? Erstes Mal Elektroauto - Von Hamburg nach Berlin! (1/2),2021-09-20T06:10:18Z,UCoW8R6HjVUZvZ9Dulg9qw3Q,1124,28,15,0,0
WS7HaJ7lyZo,Elektroauto explodiert Autobahn Frankreich,2021-09-20T13:33:37Z,UCQP6pRREDHWJ7gyuD-pviNw,821,9,6,0,0
45LI_e5_tYk,"eMobility update: Lucid Air mit 800km Reichweite, Volvo XC40 mit Frontantrieb, Kreditkarten-Terminal",2021-09-20T10:22:16Z,UC_vO01sSD25a73DhoaxtZTw,7165,423,21,0,0
ZSvH_6tIa0c,Das Ende des Kundewerbeprogramms bei Tesla! Was kommt jetzt?,2021-09-20T05:00:25Z,UCf3enJ3vAEW57CMRV3sScBQ,3179,262,21,0,0
17J-k5Foslw,[Qualit√§t Check] Licht und Schatten beim Audi eTron GT,2021-09-20T16:00:01Z,UCoJ9ql-WffntQ5Pa8SdkllA,5894,416,96,0,0
95_hkm-1ZCs,Bremicker Imagefilm 2021,2021-09-20T10:02:42Z,UCmwby43fzey1PuSYFXcBEfQ,28870,12,1,0,0
LImXOqfM8nw,Ich KAUFE eine ZUF√ÑLLIGE GARAGE in GTA 5 RP!,2021-09-20T13:25:51Z,UCaR5mgH9aZkswPQtjZ4DktA,692803,25735,602,0,0
jeffKQPi-LY,ELEKTROAUTO-MODENSCHAU: NEU F√úR 5490 ‚Ç¨,2021-09-21T18:30:28Z,UCOrM_L8GhXgQ4AsD-Xba6Ew,4629,163,64,0,0
2_uNCYw8Obw,Fiat 500 Elektro (2021) vs Fiat 500 (1970): Bester e-Kleinwagen? - World in Motion | Welt der Wunder,2021-09-21T17:00:02Z,UCBk6ZmyoyX1kLl-w17B0V1A,10393,81,5,0,0
GUIfCwJEQAM,ADAC Winterreifentest 2021: Gewinner und Verlierer | ADAC,2021-09-21T05:36:01Z,UCJTQxEGVqCFsBuHUyxgaVqQ,56858,326,53,0,0
l1UQrfiU3qI,"Annalena Baerbock, hast du deinen Lebenslauf cooler gemacht? | Kinder fragen Kanzler:innen | LNB",2021-09-21T22:15:03Z,UCBlOtMAWn6nQpChhRo14CYA,1941243,85076,8041,0,0
k7TXWh0e9XA,Brabus GLE 900 Rocket Edition (2021) |¬†So f√§hrt der Brabus-GLE |¬†Fahrt mit Thomas Geiger,2021-09-21T22:00:31Z,UCJrXOOtvmGn4CF7aYaJwuHA,58079,1137,196,0,0
LgX_ugHo1Hc,Tesla Klimaservice Spezial - Besonderheiten beim Elektroauto,2021-09-22T13:06:40Z,UChjA0Vy8gClgOU9W1ttvt8w,14801,953,88,0,0
xKzJgnxgvKM,Schweiz City Tour Bern Roadtrip im Elektroauto Mustang Mach E,2021-09-22T15:00:39Z,UCVUBc0WF5X-w3T8s6Wyx-jw,6364,421,157,0,0
-orKmOSYErA,"Viel Technik, aber auch direkt Benchmark? Tesla Model Y im E-Auto Supertest - Bloch erkl√§rt #158",2021-09-22T14:00:00Z,UCLINPbYQ9sy6qc-TqtBeVnw,331862,5914,1902,0,0
pEYpRkkKNdo,Ich konfiguriere mir ein Wasserstoffauto! | Warum sind Elektroautos so kompliziert?,2021-09-22T07:50:07Z,UCLl58-a6yGI5V_jiYVWZm9g,538,20,3,0,0
DnYt_RbKJao,LONDON TAXI als Elektro Transporter! LEVC VN5 TEST mit Range Extender,2021-09-22T16:43:45Z,UClWRgl85-pp0ks6u5vFP9HQ,18167,614,117,0,0
FIfsMm68sP4,Mercedes EQC: Mi Workflow und Bearbeitig | Fotoprojekt Elektroauto,2021-09-23T14:47:23Z,UCPk60Z3_5w6El2yGMX4K1kw,199,17,2,0,0
YvGk3DiIp3k,Warum ist Solartechnik immer noch rar? | SWR odysso,2021-09-23T15:00:30Z,UCy4_zQ59zmS7zO4Dc6vbT_w,154557,3226,1051,0,0
_NGBETeqpRM,Klassischer Corona-Wahnsinn. Johann K√∂nig bei Olafs Klub | MDR SPASSZONE,2021-09-23T18:14:42Z,UCoBHyjPTvBxt87F6jfiEIEg,688816,10620,1257,0,0
SM9g_osHcvU,Mercedes EQE: Elektrische E-Klasse kommt 2022 auf den Markt | ADAC,2021-09-24T10:30:10Z,UCJTQxEGVqCFsBuHUyxgaVqQ,23362,156,37,0,0
81biE9562JQ,Mazda Talks |  Elektrifizierung: Technologien,2021-09-24T14:00:07Z,UCNR1elwVUig6JbrkgQBCwPg,51825,76,8,0,0
npae2kLKrEQ,Volvo Cars verzichtet in allen neuen Elektroautos auf Leder,2021-09-24T08:50:30Z,UCy_wfdc0rV7fi_YLhmKQ9gw,20,1,1,0,0
tlnomcbgmKs,NEU aufgebautes RC AUTO wird unseren 242 Km/h SPEED REKORD BRECHEN !!!,2021-09-24T16:15:04Z,UCPFhnt7T8iaBLp1wIfFRzFw,161162,8063,260,0,0
H5B5bdMr6m0,Langsamer als ein Mensch? Porsche Taycan 4S Cross Turismo | UNTERWEGS mit Daniel Hohmeyer,2021-09-24T15:00:07Z,UCutQkZpAs9xG0KaooZlnuTw,16688,680,61,0,0
9JsGTq3BdZQ,Ausfahrt ( Wir hollen den Ursprungs Roller der diesen Kanal ins leben gerufen hat ),2021-09-24T19:34:04Z,UCgTMvZ0ZP3O0uuF5PJR313Q,576,34,11,0,0
hA29VYX_F04,Peugeot 308 Active Pack (110 PS): Was kann die Basis? Test | Review | Cockpit | 2021,2021-09-24T15:00:19Z,UCUKYv9dpFAbuLNWIgxuQQBA,20969,313,48,0,0
HI_DqFAgIV0,Nach Auslands-Elektroauto-Horror: Neuer Wagen wieder nur Diesel?,2021-09-25T08:00:10Z,UCiZnK4X73okItJqaCs2YDOQ,129593,4057,861,0,0
T1B17uhE90c,Wasserstoff: Alternative zum E-Auto?,2021-09-25T15:15:01Z,UCVrVBoMZr6paFB4iIl5rSiQ,1893,83,26,0,0
QCjUROnE6sU,Mehrere Erfolglose Versuche ein Elektroauto zu Laden,2021-09-25T17:26:43Z,UCqjh5BHR5UR7vv7oAZ12qDQ,95,6,10,0,0
wQmncvrAui0,E-Cannonball 2021 - 1. Laden und die weitere Fahrt,2021-09-25T12:15:36Z,UCgwu7LofR7ENUXWAqn2W5fg,290,33,5,0,0
fO0CbbkPT7w,"KARTENTERMINALS kommen, SKODA OCTAVIA E, LUCID AIR schafft 837km - PROJECT NEWS",2021-09-26T12:30:06Z,UCOmyWleEFm8SZti-YW26t7w,403,52,3,0,0
I9q3TlbroeI,"Live B.E.N Sp√§tschoppen: e-tron GT f√ºr Michi, Briten drehen E-Autos den Saft ab, MG Marvel R kommt!",2021-09-26T20:44:13Z,UCsNdsFTTBj5jcRJSWeJ8-Xg,3721,280,13,0,0
VdSlW5tLlH4,VDE Werkzeug f√ºr Elektroautos von KS Tools,2021-09-26T19:28:07Z,UCZ-5D20SEZzoyp2HEp0BWIA,59,3,2,0,0
MU_TOa2GCBY,(2021) Nissan Qasqhai - Goodbye Diesel. Hello e-Power - Crossover optisch und technisch modernisiert,2021-09-26T08:50:23Z,UCEIpQSFT56hXhH2SEwuqX4Q,18953,506,28,0,0
kAzhbf9ZB_A,Zu wenig MUSTANG im MACH-E? (Ford Mustang Mach-E Langzeit-Test)  | dieserdad,2021-09-26T10:00:22Z,UCEOwVSbkn8pY_jVwhU4pNkg,6655,312,48,0,0
wu9G4wvibbM,Toyota Yaris Hybrid 2020/21 | Mein Fazit zum Aussendesign | walk around üöó,2021-09-26T16:29:06Z,UCRCvOWSt_UPa9zqduEWYITA,3869,56,3,0,0
z4s5SE2TUlE,Bug oder Feature?,2021-09-26T21:09:59Z,UCSmH2fdr86LXpn_ZikVW8Wg,1060,22,2,0,0
NNuUaF8FHSo,Jona Christians √ºber den Stand der Dinge bei Sono Motors und deren SION [Exklusive Einblicke],2021-09-26T07:00:05Z,UChrQJeTYapLhZc8m6zvM_mg,372,,10,0,0
qKuopOjn_is,Kia EV6: Dieses Elektroauto ist ein Smartphone auf R√§dern ‚Äì und ein riesiger Akku mit Steckdose,2021-09-27T09:27:02Z,UCUCOzBkVXPToH9s3tmsKNmA,2374,26,6,0,0
18CzyIfXvIY,"Roadtrip mit dem VW ID.4 GTX - Verbrauch, Laden, Design und viele Infos f√ºr Elektroauto-Neulinge",2021-09-27T16:00:00Z,UC0cCZpU5Ioj1FOuIzj7cSsQ,10139,139,17,0,0
fWPZCSifYXc,Das DUELL: Audi Sport Quattro S1 vs. RS e-tron GT! üí• Gewinnt der Urquattro gegen 646 Elektro-PS?!,2021-09-27T16:07:33Z,UCy9Y4en2y1eR1zwcmFkRMzg,12846,212,68,0,0
HbQ80dkk5qo,"Der NEUE Hyundai Ioniq 5!: Spielt er ganz vorne mit ? - Review, Fahrbericht, Test",2021-09-27T14:00:07Z,UCJZhnAf6ICDRGv2eEKzXBGA,35439,423,107,0,0
IBkzCQGQJRQ,"Doc Tesla f√§hrt mein Elektroauto Mustang Mach E. Sein Fazit ! @T&T Emobility, Ove Kr√∂ger",2021-09-28T14:30:03Z,UCVUBc0WF5X-w3T8s6Wyx-jw,7085,459,49,0,0
3D8IBx6KlAc,"HYUNDAI Ioniq 5 (72,6kWh) extrem stromsparendüí∞fahren mit dem Elektroautoüöòüîå",2021-09-28T06:51:38Z,UCev8ERhEE652NjUgGlPEOlQ,14198,499,138,0,0
sdIDTwPmEZk,Bestes E-SUV f√ºr die Langstrecke? Tesla Model Y vs. Skoda Enyaq iV80 vs. Hyundai IONIQ 5,2021-09-28T15:00:34Z,UC7gqKyCHYENWESm3mGcJO5A,192624,3387,820,0,0
OwDQ-ArQu3I,Subaru SOLTERRA | Das vollelektrische SUV kommt 2022,2021-09-28T14:00:18Z,UCiyMEQwtAvGzFr_fLpB0nGg,6125,82,12,0,0
dUlCOvba91Q,Der iX: BMW vom Schlafm√ºtzen zum Scharfsch√ºtzen Modus?,2021-09-28T22:00:16Z,UCiZnK4X73okItJqaCs2YDOQ,204413,5805,1141,0,0
BL9uLaxPeXU,Dieser E SCOOTER hat ne WHEELIE BAR und ist GEL√ÑNDE TAUGLICH! (55 Km/h ohne tuning) - Eleglide D1,2021-09-28T16:15:00Z,UCPFhnt7T8iaBLp1wIfFRzFw,181783,6991,268,0,0
AClPqnL5bwA,E Cannonball 2021 CHAOS im Ford Mustang Mach E | Rallye mit 70 Elektroautos.,2021-09-29T16:42:43Z,UCVUBc0WF5X-w3T8s6Wyx-jw,11759,563,145,0,0
q9smCGKFgFk,VW ID. Life: Stadtelektro mehr Technologie als EQS & Tesla zusammen?,2021-09-29T22:00:15Z,UCiZnK4X73okItJqaCs2YDOQ,302780,9788,1765,0,0
vLh-S2G0XPc,"BMW iX (2021): Top-Reichweite, patzt aber beim Laden - Fahrbericht/Review | auto motor und sport",2021-09-29T07:00:15Z,UCLINPbYQ9sy6qc-TqtBeVnw,135707,1511,671,0,0
bVZyj_SfRts,Winterreifen 2021- Finger weg von diesen Pneus!,2021-09-29T15:00:31Z,UCVrVBoMZr6paFB4iIl5rSiQ,48720,214,32,0,0
hsTVJQUsr1Y,DAS ist die Zukunft! Der VW ID.Life zeigt den VW ID.2! Technische Fakten und mehr | Voice over Cars,2021-09-29T22:00:30Z,UCdZ9F6bap1b7JQZ1pZiFJ_w,4523,69,25,0,0
L-4IuLHgDk8,Elektroautos in der Fahrlehrerausbildung? | Interview mit Rolf Dautel-Hau√ümann,2021-09-30T06:08:04Z,UCma-Gqpwk99zlf-bLaFr7oA,830,23,1,0,0
0-UP35JzEnc,"HYUNDAI Ioniq 5 RWD (72,6kWh) und Tesla Model Y - gewinnt der Verbrauch oder das Ladetempo‚ùì",2021-09-30T13:43:40Z,UCev8ERhEE652NjUgGlPEOlQ,10080,259,137,0,0
pIRhwVTx9w4,Entwicklungs-Update zum Sion - Sono Live | Sono Motors,2021-09-30T18:13:49Z,UCgr6ujQaJITyWAXVrHjGGWQ,20777,470,73,0,0
LVc9Y7ZlpPc,Tichys Ausblick - ‚ÄûEnergiewende ausgetr√§umt ‚Äì droht jetzt der Blackout?‚Äú,2021-09-30T18:15:12Z,UCwtBLZ8VGfchDTJ_cYZ5S1A,1072910,23723,4025,0,0
CpYteyfRhDQ,E-Auto E16: LIDL Lader in der Kaufland eCharge App???,2021-09-01T16:59:03Z,UC9a6FuDmvlQaInPO-1357Sg,421,12,14,0,0
z-2seALdKS4,"Umstieg vom Verbrenner-SUV: Welches E-Auto kaufen? Kurzstrecke, Tesla, Hyundai, Skoda",2021-09-01T15:00:24Z,UC5i6nCpwmDVKo98sZD2AAcQ,29005,1187,354,0,0
pNbMCjJPOjE,Audi e-Tron GT - Vollgas im E-Auto | Prior-Design,2021-09-01T10:34:55Z,UCNRCIF2oLyE5PiM6NL52WPg,4359,194,20,0,0
Po2XxWGaN4U,Langstrecke mit dem E-Auto nicht m√∂glich. Der Standard hat es rausgefunden.,2021-09-01T17:41:40Z,UCf3enJ3vAEW57CMRV3sScBQ,4412,416,155,0,0
xybIBWvpdlk,"""Unbegrenzt"" E-Auto-Fahren ohne extra Nachladen?! Test+Walkthrough Sion Prototyp mit Photovoltaik",2021-09-02T17:00:39Z,UCSwRhu8CeHVXZlG1ExdjuTQ,4894,302,83,0,0
Zf8vfyvNkDM,Tesla Nordsee Family-Trip - Unser Urlaubs-VLOG - Ford Mach-E mit Problemen - 150 kW Lader auf Sylt,2021-09-02T13:00:30Z,UCd5Jpd5473VPhNjdWMUP6tw,9266,794,124,0,0
60-MlRsDBkg,"Labern und Fahren - E-Auto-Erlebnisse, Model Y, Transformationsgedanken",2021-09-03T12:11:13Z,UCjuUo23G7j4gzl2sHGIjZCw,622,74,18,0,0
3XDU8ZYYfEQ,"Live B.E.N-Sp√§tschoppen in the wild! E-Auto-Zulassungen August, Nio und Xpeng wachsen, etc.",2021-09-05T20:23:52Z,UCsNdsFTTBj5jcRJSWeJ8-Xg,3154,260,4,0,0
aMT4t5m2fCw,NRGkick KfW Select - Das f√∂rderf√§hige Ladeger√§t f√ºr Ihr E-Auto!,2021-09-05T18:48:15Z,UC3Vmx53nME2xGltKMA8ETRA,1699,57,10,0,0
zzz5-G1cXv0,Honda e: Deutschlands Auto des Jahres 2021.,2021-09-06T10:24:44Z,UCdHLs2aF9ezDAjoiS_SQk_g,308848,6,3,0,0
DiLurmoT_qg,FINN Auto Abo Erfahrungen - Von Lieferung bis R√ºckgabe dokumentiert,2021-09-07T07:58:36Z,UC3NUbKjyHdysaR8TJqUsw0Q,5190,92,27,0,0
tDsqNId7pLM,E-Auto E17: Warmer oder k√ºhler Hintern waÃàhrend dem Laden?,2021-09-07T20:10:20Z,UC9a6FuDmvlQaInPO-1357Sg,526,22,3,0,0
sSphpmElM-Y,Reale Reichweite von E - Auto Renault Zoe 50 R135 ! Was schafft er wirklich?,2021-09-07T09:00:31Z,UCVUBc0WF5X-w3T8s6Wyx-jw,19528,556,155,0,0
2W-fIUEMg8Q,New Fortuner GR Sport Diesel 2021,2021-09-08T16:27:49Z,UCBuaBxF-PEZ5iaokmYee-8w,10207,3262,171,0,0
3Y0HIsrQEKM,E-Auto E18: Probefahrt mit dem Polestar 2,2021-09-09T21:40:42Z,UC9a6FuDmvlQaInPO-1357Sg,2029,36,12,0,0
72IydZij3CY,Cupra Urbanrebel & Renault 5: Die m√ºsst ihr gesehen haben! | IAA | auto motor und sport,2021-09-09T07:00:02Z,UCLINPbYQ9sy6qc-TqtBeVnw,30042,454,137,0,0
NuUIOEMuYLU,UPPER PNEUS E AUTO CENTER   -  BLUMENAU,2021-09-09T14:07:47Z,UC4WOBB5SrpE3Om_Dbd5bZLg,114,9,2,0,0
1Dl1Sy1d-x8,3500 km Urlaubstour mit einem E Auto? Geht nicht. Kann gar nicht gehen.,2021-09-10T18:39:39Z,UC8AJhYnfzgRHjm0uxrFXEVQ,193,4,1,0,0
maP-qn8IBOE,E-Auto Ausflugstipp: #1 Nationalparkzentrum Ruhestein,2021-09-10T15:51:54Z,UCjuUo23G7j4gzl2sHGIjZCw,431,47,6,0,0
8Fg1ZD8y00c,"#25 Oliver Schmerold, Direktor √ñAMTC: Hallo E-Auto?",2021-09-10T06:30:01Z,UCw14ZKtcrOStlvIdxwh-lAw,164,4,1,0,0
HOa9necR4KY,E-Auto E19: Peugeot e208 Cockpit UÃàbersicht,2021-09-14T18:21:20Z,UC9a6FuDmvlQaInPO-1357Sg,3232,34,22,0,0
zZlSpQm6zmM,E-Auto vs. Benziner üöò,2021-09-14T09:30:08Z,UCYEWIee0ApH6cBxciYxPXDg,138,10,7,0,0
3xVEmjxEfro,VW e UP! im Test Top Stadt Auto und super leise.Leider kleine Reichweite - ein E Auto das Sinn macht,2021-09-15T16:30:00Z,UC8zR2gdy2gDE7O4yU041rKQ,1083,6,9,0,0
pgdLXrPrq2s,Neulich in der KFZ Werkstatt ...¬†eAuto oder Verbrenner?,2021-09-15T17:45:02Z,UCN_VDT9sfpp43culPLOjIbQ,6329,672,125,0,0
uguMfZkVa00,"Wie soll ich mir E-Auto leisten, wenn ich nicht einmal Heizung reparieren kann?",2021-09-16T12:28:58Z,UCsVe9Svi4c4oOqGjpD5exVA,5,0,1,0,0
tZG5xNABK2s,Wie das E-Auto die Klimaerw√§rmung verursacht!,2021-09-17T21:37:38Z,UCNtLmIyCHYT-f5Oih1VR6Gg,15,0,4,0,0
Qs_s_mtW1T0,Mein erstes mal Tesla Model-Y / E-Auto fahren üòè‚ö°,2021-09-17T13:15:00Z,UC5WBXjRb0vMzSYggpp9SwQQ,495,18,10,0,0
b-HvWWRzLi0,"NIO, Nissan & Co.: 7 Neuheiten, die ihr in Zukunft fahren wollt? I auto motor und sport",2021-09-18T07:00:08Z,UCLINPbYQ9sy6qc-TqtBeVnw,45572,894,244,0,0
jcpQW9dyaLQ,T2 E-Bus: Statusupdate - Kunde zu Besuch | Sidney Industries,2021-09-18T16:00:31Z,UC3rKGGecruiBYelNCpg-1Ig,16586,641,26,0,0
0cL1-s9Mkbk,UNSER NEUES AUTO üò± üéÅ | Nader Louisa,2021-09-19T16:30:00Z,UCmO35eVuAzdT1wlcUHHF8JA,1338519,86767,2299,0,0
Ig32GeSnnVQ,Drachenlord s Reviews: Energy Drinks (Draches Meinung #032 Energie Drinks),2021-09-19T21:56:57Z,UC4ESVsIAQzkmWlUYpsNnSgQ,7275,404,166,0,0
q2qp9YGduPw,Vorsicht ! Hank ist b√∂se! Drachenlord l√§sst sich dazu hernieder auf MICH zu reagieren. :),2021-09-19T18:57:38Z,UC4ESVsIAQzkmWlUYpsNnSgQ,51777,1729,377,0,0
Fl2y9uKMDWQ,Wie gut ist der neue Opel Mokka-e im Alltag?! Test - Review - Reichweite - Verbrauch,2021-09-22T15:30:05Z,UCETmLeBpDeXIFyNbRV_Kblg,20183,188,25,0,0
N2fteZ6q2Jc,Pro Jahr 100‚Ç¨ fuÃàr s E Autofahren erhalten | Interview mit Luca Schmadalla,2021-09-22T16:45:00Z,UCwWywgs5YJsI0gMgjdecpYA,715,29,17,0,0
JTze2pDTsBo,Tesla Model Y Abholung üëâ Die ersten 300 km mit dem neuen E-Auto f√ºr die ganze Familie,2021-09-24T15:08:56Z,UC96MGGyxaZZQ6aFKSVMHIew,5701,340,32,0,0
33i_Bte5jp0,2021 Mercedes-Benz A-Class A250e TOP SPEED DRIVE ON GERMAN AUTOBAHN üèé,2021-09-25T10:16:07Z,UCeeHT-3WejdX6uGBgCbE7SA,243090,4736,226,0,0
vlLjflvclfo,"Camping mit E-Auto: Geringer Verbrauch durch ""Spezial-Wohnwagen"" Interview mit Jerome Brunelle",2021-09-25T16:00:22Z,UCSwRhu8CeHVXZlG1ExdjuTQ,5150,251,42,0,0
51r0HX9ibtM,Optimaler Wohnwagen f√ºr E-Autos: Tour durch den LaMancelle Liberty mit Jerome Brunelle Teil 2,2021-09-25T16:00:03Z,UCSwRhu8CeHVXZlG1ExdjuTQ,6758,214,28,0,0
ohs14HgW9Fw,"E-Auto mit Mietbatterie verkauft - Kein Problem, aber dann gab es √Ñrger mit der Renault Bank",2021-09-26T06:00:08Z,UC-k-5F2j4CUzuwkx1QLRlpA,9245,662,83,0,0
y0668wjG2ZQ,Auto fahren schon mit 15 Jahren?! üò±ü§© // Opel Rocks-e,2021-09-26T15:08:35Z,UCOlgITVVhJf_E8oMtMWW0Ow,1284,67,4,0,0
9p34Ia0NX_I,Drachenlord (aka Rainer Winkler) droht mir mal wieder und flext mit seinem Technikm√ºll,2021-09-26T14:00:13Z,UC4ESVsIAQzkmWlUYpsNnSgQ,33100,2002,548,0,0
OEQvDvxzzaA,E-Auto-Batterien: Nach wenigen Jahren Schrott?,2021-09-27T13:00:14Z,UC9Myw7U_bMdDpFL_-jkh3Dw,1297,59,8,0,0
V-pSWJzEx5w,üî¥MEHR ALS 180‚Ç¨ GESCHENKT f√ºrs E-AUTOüî¥ Wie funktioniert das? | Moralisch bedenklich?,2021-09-28T19:18:41Z,UCaCaZ-vKtnMG2_FKmEePChQ,6075,393,101,0,0
fYk5uzD8IQ8,"Was tun, wenn mein E-Auto brennt? SMARTGEBER Jonas erkl√§rt, was zu tun ist.",2021-09-28T13:56:26Z,UCRFR365PjI3923-PTQV6SMQ,13046,38,5,0,0
_r4dz_TcEgw,Ein E-Auto f√ºr den Wildpark Einsatz? Wir sind den Aiways U5 im Wildpark M√ºden Probe gefahren.,2021-09-28T13:44:16Z,UCDqj6MXePZI8Jmu_bYh_xfw,516,14,5,0,0
hnwENXaTHto,Rasiert Skoda den neuen Tesla? Model Y vs. Enyaq iV! Das Duell der Elektro-SUV.,2021-09-28T14:30:06Z,UCcftUjNsimynCrKGFolLRKQ,45085,777,196,0,0
1CtK09o5Lb4,Warum der IONIQ5 ein richtig gutes Auto ist - Besprechung Ergebnisse E-Cannonball 2021 LK 1,2021-09-29T15:48:25Z,UCdPCrCxcLyL7DQGo3P6ZfUA,8716,773,68,0,0
I_0aYu6g3dM,Tesla Model Y 77kWh MIC - Vorstellung und Kritik an meinem neuen E-Auto - Vergleich Model 3,2021-09-29T15:00:21Z,UC5i6nCpwmDVKo98sZD2AAcQ,54308,1793,447,0,0
wOXeTqZVGP0,"CONFIGURACION PERFECTA + DPI PARA MOTOROLA E4,E5,E6,E7,G4,G5,G6,G7,G8,G9 / NUEVA ACTUALIZACION 2021",2021-09-29T15:30:03Z,UCt5_y2Y6zLgG3zwHuan9_Xg,62938,2710,628,0,0
Mcoj0UTsE98,Genesis GV60 electric - der Luxus Hyundai Ioniq5 im Coupe Design | 800V Technik mit bis zu 489 PS‚ùì‚ùóÔ∏è,2021-09-30T15:20:44Z,UCuPH6ouleIo8IhmZy65m4pA,14869,271,79,0,0
